Time,Breathing
0.01657205,0
0.01657205,0
0.2817245,0
0.2817245,0
0.2817245,0
0.2817245,0
0.2817245,0
0.2817245,0
0.2817245,0
0.2817245,0
0.2817245,0
0.2817245,0
0.1491532,0
0.01657042,0
0.01657492,0
0.01656979,0
0.01656979,0
0.01656979,0
0.01656979,0
0.04972131,0
0.04972131,0
0.01657551,0
0.01657485,0
0.01656909,0
0.01656909,0
0.01657358,0
0.01657325,0
0.01657214,0
0.01656967,0
0.01656967,0
0.01657141,0
0.01657141,0
0.01657495,0
0.01657495,0
0.01646199,0
0.01655704,0
0.01655704,0
0.01655343,0
0.01655343,0
0.01655394,0
0.01655394,0
0.01655756,0
0.01655404,0
0.01655404,0
0.01655349,0
0.01655349,0
0.01695395,0
0.01695395,0
0.01655425,0
0.01666092,0
0.01657138,0
0.01657015,0
0.01657042,0
0.01657015,0
0.01657082,0
0.01657082,0
0.01657352,0
0.01657352,0
0.01657064,0
0.01657064,0
0.01656949,0
0.01657194,0
0.01657194,0
0.01656972,0
0.01656972,0
0.0165709,0
0.0165679,0
0.0165679,0
0.01657225,0
0.01657204,0
0.01657204,0
0.0165714,0
0.01658232,0
0.01658232,0
0.03314422,0
0.01659306,0
0.0165818,0
0.01657137,0
0.01657225,0
0.01657086,0
0.01657207,0
0.01657207,0
0.01657162,0
0.01657162,0
0.01657105,0
0.01666251,0
0.01657433,0
0.01656926,0
0.01657094,0
0.03313506,0
0.0169155,0
0.03314113,0
0.03314113,0
0.01658761,0
0.01658761,0
0.03316891,0
0.01658629,0
0.01658319,0
0.01658287,0
0.01658382,0
0.01658677,0
0.01658179,0
0.01658748,0
0.01658748,0
0.01658139,0
0.01658679,0
0.01658679,0
0.01658854,0
0.01658774,0
0.01658774,0
0.01658596,0
0.01658824,0
0.01658824,0
0.01658777,0
0.01658777,0
0.01658673,0
0.01659075,0
0.01659075,0
0.01658283,0
0.01658665,0
0.01658539,0
0.01658539,0
0.01658957,0
0.01656343,0
0.01658333,0
0.01657169,0
0.01659288,0
0.01657397,0
0.01657998,0
0.01657829,0
0.01657965,0
0.01657818,0
0.01657497,0
0.01658512,0
0.01658512,0
0.0331592,0
0.01658076,0
0.01658076,0
0.01658405,0
0.01658405,0
0.01657853,0
0.01658036,0
0.01658032,0
0.01657854,0
0.01657854,0
0.01658047,0
0.01657936,0
0.01657936,0
0.03316051,0
0.01657666,0
0.01658111,0
0.01657992,0
0.01657992,0
0.01657878,0
0.01657878,0
0.01657935,0
0.01657859,0
0.01657859,0
0.01657597,0
0.01657597,0
0.01657961,0
0.01657961,0
0.01657861,0
0.01657861,0
0.01657751,0
0.01657786,0
0.01657733,0
0.01657878,0
0.01657878,0
0.01657772,0
0.01658004,0
0.01657836,0
0.01657836,0
0.01658,0
0.01658161,0
0.01658161,0
0.01657887,0
0.01691794,0
0.01691794,0
0.01657316,0
0.01658642,0
0.01658642,0
0.01659096,0
0.01658761,0
0.01658761,0
0.01658559,0
0.01658896,0
0.01658896,0
0.0165893,0
0.01658959,0
0.01658526,0
0.01658526,0
0.01658724,0
0.0165864,0
0.0165864,0
0.01612235,0
0.01612235,0
0.01658998,0
0.01631574,0
0.01685111,0
0.01659821,0
0.01659821,0
0.01658916,0
0.01658766,0
0.01658689,0
0.01658446,0
0.01658444,0
0.01658607,0
0.01658725,0
0.01658725,0
0.01657933,0
0.01658885,0
0.01658885,0
0.01658577,0
0.01658577,0
0.01658661,0
0.01658801,0
0.01658801,0
0.01658372,0
0.01659117,0
0.01659117,0
0.01658781,0
0.01658763,0
0.01659004,0
0.01658755,0
0.01658755,0
0.01658853,0
0.01658853,0
0.01658967,0
0.01658779,0
0.01657239,0
0.01657239,0
0.01657936,0
0.01657936,0
0.01659123,0
0.01659397,0
0.01658823,0
0.01658644,0
0.01658651,0
0.01658873,0
0.01658494,0
0.01658841,0
0.01658719,0
0.0165886,0
0.01658226,0
0.01658226,0
0.01660725,0
0.0165875,0
0.0165875,0
0.01658746,0
0.01658746,0
0.01658867,0
0.02045147,0
0.01658751,0
0.01658751,0
0.01658321,0
0.03317732,0
0.01658653,0
0.01658566,0
0.01658566,0
0.01658884,0
0.01659108,0
0.01659108,0
0.01658778,0
0.01658697,0
0.01658697,0
0.01659029,0
0.01658744,0
0.01659147,0
0.01659147,0
0.01658525,0
0.01658545,0
0.01659972,0
0.01657767,0
0.03317776,0
0.01658842,0
0.01635966,0
0.0165905,0
0.01658168,0
0.01658808,0
0.01658808,0
0.08156158,0
0.08156158,0
0.08156158,0
0.06772649,0
0.0331611,0
0.01631214,0
0.01657408,0
0.01660252,0
0.01658501,0
0.01658754,0
0.01658754,0
0.01658749,0
0.01658613,0
0.01658613,0
0.01659185,0
0.01658613,0
0.01658652,0
0.01658652,0
0.01659304,0
0.0165849,0
0.0165849,0
0.0165877,0
0.01659547,0
0.01659547,0
0.01659064,0
0.01658888,0
0.01658816,0
0.01629282,0
0.01688454,0
0.01658648,0
0.01659123,0
0.01602306,0
0.01715526,0
0.01658746,0
0.01658985,0
0.01658985,0
0.016591,0
0.0165873,0
0.01658841,0
0.01658841,0
0.01658752,0
0.01653741,0
0.01653741,0
0.01658783,0
0.01658879,0
0.01658708,0
0.0165888,0
0.01658689,0
0.01658845,0
0.01657887,0
0.01657887,0
0.01657708,0
0.01657842,0
0.01657679,0
0.01657407,0
0.01657407,0
0.01657802,0
0.01657656,0
0.01657656,0
0.01657805,0
0.01657828,0
0.0165736,0
0.01657464,0
0.01657731,0
0.01657731,0
0.01657969,0
0.01657969,0
0.01658288,0
0.01658288,0
0.01658288,0
0.01658288,0
0.01658288,0
0.01658288,0
0.01658288,0
0.01658288,0
0.01658288,0
0.01658288,0
0.3333333,1
0.3333333,1
0.3333333,1
0.3333333,1
0.3333333,1
0.1657093,1
0.1657093,1
0.01664073,1
0.03316097,1
0.01657295,1
0.01657693,1
0.01657693,1
0.01657542,1
0.01657493,1
0.0165754,1
0.01657766,1
0.01657712,1
0.01657561,1
0.01657886,1
0.01657556,1
0.01657556,1
0.01657687,1
0.01657687,1
0.01657773,1
0.01657556,1
0.01657556,1
0.01657443,1
0.01657731,1
0.01657247,1
0.01657712,1
0.01657989,1
0.01657989,1
0.01658379,1
0.01657514,1
0.01657569,1
0.01657754,1
0.0165784,1
0.01657532,1
0.01657816,1
0.01657459,1
0.01657632,1
0.01657632,1
0.01658205,1
0.01657823,1
0.01657506,1
0.01657495,1
0.01657806,1
0.01657806,1
0.016581,1
0.01657544,1
0.01657969,1
0.01657969,1
0.01658032,1
0.01657689,1
0.01658095,1
0.01657484,1
0.01657705,1
0.01658217,1
0.01656961,1
0.01657728,1
0.01657926,1
0.01657258,1
0.01657393,1
0.01657393,1
0.01391511,1
0.01391511,1
0.01657867,1
0.01657831,1
0.01694646,1
0.01664009,1
0.01658809,1
0.01658809,1
0.0165928,1
0.01659058,1
0.01659058,1
0.0165875,1
0.01658908,1
0.01659177,1
0.01659151,1
0.01658874,1
0.01658868,1
0.01659039,1
0.01659137,1
0.01658981,1
0.01658141,1
0.01659107,1
0.01659107,1
0.01659209,1
0.01659242,1
0.01659054,1
0.0165925,1
0.01659116,1
0.01673824,1
0.01631377,1
0.01631377,1
0.01685622,1
0.01659125,1
0.01659125,1
0.01659037,1
0.01658933,1
0.0165881,1
0.01659106,1
0.01658779,1
0.01659578,1
0.01659038,1
0.01659093,1
0.01659093,1
0.01659097,1
0.01658846,1
0.01659247,1
0.01659101,1
0.01656714,1
0.01658301,1
0.01658301,1
0.01657667,1
0.01658575,1
0.01658246,1
0.01658246,1
0.01658472,1
0.01658325,1
0.01658325,1
0.01657919,1
0.01658247,1
0.01658295,1
0.01658295,1
0.01658286,1
0.01657859,1
0.01657859,0
0.01658624,0
0.01658116,0
0.01658116,0
0.01658918,0
0.01658394,0
0.01658394,0
0.01723729,0
0.01658333,0
0.01658333,0
0.0165775,0
0.0165845,0
0.01658341,0
0.01658493,0
0.01658477,0
0.0165832,0
0.01658249,0
0.01658338,0
0.01658289,0
0.01658474,0
0.01658376,0
0.01658585,0
0.01658189,0
0.01658189,0
0.01658444,0
0.01658227,0
0.01658166,0
0.01658618,0
0.01657989,0
0.01657989,0
0.01658345,0
0.01658164,0
0.01658462,0
0.01658462,0
0.01658424,0
0.01658542,0
0.01658542,0
0.01658368,0
0.01658266,0
0.01658203,0
0.01657849,0
0.01658357,0
0.01658257,0
0.01658257,0
0.01658368,0
0.01658314,0
0.01658314,0
0.01658233,0
0.01658469,0
0.01657609,0
0.01657747,0
0.01658043,0
0.01658396,0
0.01658396,0
0.01658111,0
0.01658111,0
0.0165786,0
0.0165786,0
0.01658356,0
0.01658356,0
0.01658634,0
0.01658634,0
0.0165814,0
0.01658385,0
0.01658385,0
0.01658639,0
0.01658247,0
0.01658247,0
0.01658299,0
0.01657961,0
0.01658298,0
0.01654273,0
0.01654273,0
0.0165829,0
0.01660437,0
0.01658166,0
0.01658166,0
0.01635891,0
0.01680486,0
0.01658699,0
0.01658261,0
0.01664719,0
0.01664719,0
0.01658276,0
0.01658181,0
0.01658471,0
0.01658471,0
0.01658466,0
0.01658502,0
0.01658502,0
0.01658194,0
0.01658493,0
0.01658094,0
0.01658441,0
0.0165836,0
0.01472713,0
0.01657728,0
0.01658244,0
0.01658244,0
0.01657159,0
0.01649518,0
0.01658396,0
0.03316316,0
0.03316316,0
0.0165846,0
0.01658466,0
0.03270392,0
0.01658484,0
0.01649798,0
0.01657299,0
0.01656817,0
0.01656777,0
0.01656777,0
0.01657058,0
0.01657472,0
0.01657216,0
0.01657216,0
0.01657197,0
0.0165722,0
0.01657738,0
0.01657738,0
0.01657177,0
0.01657177,0
0.01657214,0
0.0165724,0
0.0165724,0
0.01657044,0
0.01657138,0
0.01657138,0
0.01657014,0
0.01657263,0
0.01657263,0
0.01657584,0
0.01657584,0
0.01656885,0
0.01657245,0
0.0165767,0
0.0163608,0
0.01657137,0
0.01658567,0
0.01657517,0
0.01657517,0
0.01657314,0
0.01657314,0
0.01657104,0
0.01657267,0
0.01657267,0
0.01657099,0
0.01657099,0
0.01657559,0
0.01657474,0
0.01657474,0
0.0165734,0
0.01657365,0
0.01657365,0
0.01657244,0
0.01657536,0
0.01657404,0
0.01657229,0
0.01657239,0
0.01657239,0
0.01657111,0
0.0165734,0
0.01656985,0
0.01657711,0
0.01657406,0
0.01657429,0
0.01657354,0
0.01657452,0
0.01657374,0
0.01657455,0
0.01657248,0
0.01657608,0
0.01657608,0
0.0165714,0
0.01657359,0
0.01657135,0
0.01657258,0
0.01657508,0
0.01657508,0
0.01657107,0
0.01657594,0
0.01657594,0
0.01657535,0
0.01657172,0
0.01657172,0
0.01657075,0
0.01657116,0
0.01657399,0
0.0165746,0
0.0165724,0
0.0165726,0
0.01657402,0
0.01657028,0
0.01657169,0
0.01657169,0
0.01657306,0
0.01657453,0
0.01657453,0
0.01657436,0
0.01657217,0
0.01657217,0
0.01657397,0
0.01657397,0
0.01657837,0
0.01657301,0
0.01657301,0
0.01657878,0
0.0165745,0
0.01657234,0
0.0165744,0
0.0165744,0
0.01657347,0
0.01657298,0
0.01657487,0
0.01657487,0
0.01657316,0
0.01657504,0
0.01657111,0
0.01657119,0
0.01657119,0
0.016573,0
0.016573,0
0.01657606,0
0.01657139,0
0.01657139,0
0.01657286,0
0.01657208,0
0.01657208,0
0.01657403,0
0.01657403,0
0.01657318,0
0.01657187,0
0.01657187,0
0.01657097,0
0.01657097,0
0.01656714,0
0.01657112,0
0.01657523,0
0.01657158,1
0.0165712,1
0.0165712,1
0.01656596,1
0.01657295,1
0.01657403,1
0.01657379,1
0.01657379,1
0.0165741,1
0.01657419,1
0.01656468,1
0.0165733,1
0.0165733,1
0.01657167,1
0.01657167,1
0.01657195,1
0.01657492,1
0.01657126,1
0.01657126,1
0.01657427,1
0.01657512,1
0.01657367,1
0.01657337,1
0.01657337,1
0.01657279,1
0.01657279,1
0.01657464,1
0.01657464,1
0.01657921,1
0.01657291,1
0.01657531,1
0.01657276,1
0.01657357,1
0.01657357,1
0.01657493,1
0.01657116,1
0.01657116,1
0.01657362,1
0.01657372,1
0.01657372,1
0.0165724,1
0.01657238,1
0.01657382,1
0.01657382,1
0.01657329,1
0.01657355,1
0.01657355,1
0.01657471,1
0.0165724,1
0.0165724,1
0.01657131,1
0.0165735,1
0.01657378,1
0.01657501,1
0.01657134,1
0.01657344,1
0.0165742,1
0.0165742,1
0.01657254,1
0.01660125,1
0.01659936,1
0.01660428,1
0.01660084,1
0.01660083,1
0.01660083,1
0.01660193,1
0.01660129,1
0.01660113,1
0.01659814,1
0.01660073,1
0.01660073,1
0.01650817,1
0.0165795,1
0.0165795,1
0.01657961,1
0.01657961,1
0.01658441,1
0.01657994,1
0.01657994,1
0.03314035,1
0.01658748,1
0.049739,1
0.049739,1
0.06624091,1
0.03324796,1
0.03324796,1
0.03316168,1
0.03316355,1
0.03316355,1
0.01658899,1
0.04974677,1
0.04974677,1
0.01657709,1
0.01501544,1
0.01658336,1
0.03316298,1
0.03316298,1
0.03316273,1
0.01658871,1
0.01656699,1
0.01658026,1
0.01658207,1
0.01658147,1
0.01658064,1
0.01657951,1
0.01658194,1
0.01658215,1
0.01658215,1
0.01658159,1
0.01658184,1
0.01658184,1
0.0165826,1
0.01657893,1
0.01658059,1
0.01606792,1
0.01658282,1
0.01648479,1
0.01648479,1
0.01655854,1
0.01656139,1
0.01656139,1
0.01655816,1
0.01655789,1
0.01656079,1
0.01656443,1
0.01656059,1
0.01655814,1
0.0165574,1
0.0165574,1
0.01655993,1
0.01656048,1
0.01702899,1
0.01702899,1
0.01655661,1
0.01656384,1
0.01656578,1
0.01656578,1
0.01656602,1
0.01656602,1
0.01656553,1
0.01656272,1
0.01656603,1
0.01656603,1
0.01656365,1
0.01656365,1
0.01656712,1
0.01656697,1
0.01656697,1
0.01656348,1
0.01684142,1
0.01684142,1
0.01659872,1
0.0165679,1
0.0165679,1
0.01656967,1
0.01656967,1
0.01656823,1
0.0165715,1
0.0165715,1
0.01657096,1
0.01657096,1
0.01657069,1
0.01657051,1
0.01657107,1
0.01656953,1
0.01656953,1
0.01656951,1
0.01656951,1
0.0165708,1
0.0165751,1
0.0165751,1
0.01657219,1
0.01657129,1
0.0165736,1
0.01657158,1
0.01657131,1
0.01657131,1
0.01657339,1
0.0165692,1
0.01657426,1
0.01657053,1
0.01657032,1
0.01697516,1
0.01657277,1
0.0165736,1
0.01657671,1
0.0165739,1
0.0165739,1
0.01657218,1
0.01657569,1
0.01657569,1
0.01657315,1
0.01657433,1
0.01657524,1
0.01657336,1
0.0165715,1
0.01657663,1
0.01657663,1
0.0165761,1
0.01657543,1
0.01657598,1
0.01657654,1
0.01657018,1
0.01658096,1
0.01657369,1
0.01656955,1
0.01658121,1
0.01657603,1
0.01657484,1
0.01657484,1
0.01657522,1
0.0165679,1
0.01657564,1
0.01657564,1
0.01464911,1
0.01849934,1
0.01657415,1
0.01657468,1
0.01657873,1
0.01657544,1
0.01657603,1
0.01657574,1
0.01657342,0
0.01657342,0
0.01657441,0
0.01657639,0
0.01657424,0
0.01657424,0
0.01657199,0
0.01657609,0
0.01657609,0
0.01657519,0
0.01657428,0
0.01657753,0
0.01657538,0
0.01657397,0
0.01657501,0
0.01657532,0
0.01657636,0
0.01657318,0
0.01657484,0
0.01657425,0
0.01657297,0
0.0165796,0
0.01657488,0
0.01657488,0
0.01657763,0
0.01657763,0
0.01657502,0
0.01657897,0
0.01657897,0
0.01657424,0
0.01657424,0
0.0165751,0
0.01657585,0
0.01657669,0
0.01657388,0
0.01657388,0
0.01657552,0
0.01657552,0
0.01613175,0
0.01657425,0
0.01657425,0
0.01657847,0
0.01657432,0
0.01657635,0
0.0165735,0
0.01657724,0
0.01657724,0
0.01657483,0
0.0165729,0
0.01657311,0
0.01657578,0
0.01657575,0
0.01657839,0
0.01657195,0
0.01657571,0
0.01657498,0
0.01657498,0
0.01657573,0
0.01657829,0
0.01657851,0
0.01657851,0
0.01657831,0
0.0165748,0
0.0165766,0
0.01658206,0
0.01657278,0
0.01657627,0
0.01657692,0
0.01657692,0
0.0165754,0
0.0165754,0
0.01657514,0
0.01657253,0
0.01657253,0
0.016574,0
0.01657759,0
0.01657759,0
0.01657538,0
0.01657749,0
0.01657749,0
0.0165731,0
0.01657759,0
0.01657611,0
0.01657447,0
0.01657627,0
0.01657467,0
0.01657828,0
0.01657444,0
0.01657281,0
0.01657801,0
0.01657498,0
0.01657524,0
0.0165791,0
0.01657299,0
0.01657599,0
0.01657655,0
0.01657455,0
0.01689479,0
0.0165738,0
0.0165738,0
0.016574,0
0.01657768,0
0.01657768,0
0.01657874,0
0.01657874,0
0.01657644,0
0.01657439,0
0.01657439,0
0.0165776,0
0.0165776,0
0.01657633,0
0.01657759,0
0.01657759,0
0.01657519,0
0.01657546,0
0.0165737,0
0.01657479,0
0.01657737,0
0.01657543,0
0.01657615,0
0.01657527,0
0.01657332,0
0.01657199,0
0.0165751,0
0.01657704,0
0.01657287,0
0.01657468,0
0.01657711,0
0.01657403,0
0.01657538,0
0.01657423,0
0.0165743,0
0.0165743,0
0.01657789,0
0.01657425,0
0.01657425,0
0.01657267,0
0.01657267,0
0.01657547,0
0.01657272,0
0.01657272,0
0.01657468,0
0.01657518,0
0.01657598,0
0.01657408,0
0.01657717,0
0.01657527,0
0.01657527,0
0.01657585,0
0.01629226,0
0.01629226,0
0.01657288,0
0.03315137,0
0.0165777,0
0.0165777,0
0.01657332,0
0.01657553,0
0.01657574,0
0.03314806,0
0.01657697,0
0.01657069,0
0.01657069,0
0.01636546,0
0.04993061,0
0.04970446,0
0.03317456,0
0.0165748,0
0.0165748,0
0.01657638,0
0.01657298,0
0.01657298,0
0.01657557,0
0.01657557,0
0.01656218,0
0.0331577,0
0.01657402,0
0.01657402,0
0.01657629,0
0.01657629,0
0.01657694,0
0.01657694,0
0.01657819,0
0.01657819,0
0.01657673,0
0.01657636,0
0.01657636,0
0.01657506,0
0.01657365,0
0.01657624,0
0.01657624,0
0.01657388,0
0.01657388,0
0.01658139,0
0.01657536,0
0.01657536,0
0.01657856,0
0.01657473,0
0.01657473,0
0.01657295,0
0.01657488,0
0.01657488,0
0.01657947,0
0.01657755,0
0.01651124,0
0.01657773,0
0.01657773,0
0.01657884,0
0.01657884,0
0.01657895,0
0.01657895,0
0.01657737,0
0.01657747,0
0.01657894,0
0.01657894,0
0.01658053,0
0.01658053,0
0.01657905,0
0.01658114,0
0.01657885,0
0.01657885,0
0.01658025,0
0.01657723,0
0.01657723,0
0.01658133,0
0.01657967,0
0.01658038,0
0.01657849,0
0.01657849,0
0.01657931,0
0.01658276,0
0.01658276,0
0.01658178,0
0.01658187,0
0.01658122,0
0.0165804,1
0.01658162,1
0.01657536,1
0.0165758,1
0.0165758,1
0.01657944,1
0.01657944,1
0.01657997,1
0.01658199,1
0.01658199,1
0.0165722,1
0.0165722,1
0.01657868,1
0.01657956,1
0.01657933,1
0.01657517,1
0.01657517,1
0.01662761,1
0.01657984,1
0.01658266,1
0.01657779,1
0.01657779,1
0.01657849,1
0.01657849,1
0.01657812,1
0.01657812,1
0.01657829,1
0.01657896,1
0.01657896,1
0.01657606,1
0.01657606,1
0.01657664,1
0.01657664,1
0.0165791,1
0.0165791,1
0.01657894,1
0.01658118,1
0.01658118,1
0.01657997,1
0.01657997,1
0.01658277,1
0.01657896,1
0.01657952,1
0.01657322,1
0.01658024,1
0.01658024,1
0.01658106,1
0.01658162,1
0.01658162,1
0.01657896,1
0.01657896,1
0.01658099,1
0.0165797,1
0.01657063,1
0.0165791,1
0.01657356,1
0.01657356,1
0.01658512,1
0.01657724,1
0.01657724,1
0.01658173,1
0.01658173,1
0.01650209,1
0.0166535,1
0.01657918,1
0.01657905,1
0.01657672,1
0.01657922,1
0.01657922,1
0.01658027,1
0.01658366,1
0.01658366,1
0.01657653,1
0.01657653,1
0.01658095,1
0.01657836,1
0.01657836,1
0.01657656,1
0.0168409,1
0.0168409,1
0.01657657,1
0.01657888,1
0.01657888,1
0.01657712,1
0.01658222,1
0.01657803,1
0.01657709,1
0.01657709,1
0.01658221,1
0.01657772,1
0.01657772,1
0.0165837,1
0.01657911,1
0.01657896,1
0.0165789,1
0.01657571,1
0.01657571,1
0.01657982,1
0.01657982,1
0.01657872,1
0.01657877,1
0.01657877,1
0.01657527,1
0.01657893,1
0.01657972,1
0.01658089,1
0.01658108,1
0.01657656,1
0.01658054,1
0.01657794,1
0.01657857,1
0.01658038,1
0.01658038,1
0.01658038,1
0.01658142,1
0.01658122,1
0.01657539,1
0.01658229,1
0.01658229,1
0.01657879,1
0.01658186,1
0.01657972,1
0.01657817,1
0.01657807,1
0.01647207,1
0.01647207,1
0.01657939,1
0.01657939,1
0.01657827,1
0.0165797,1
0.01657998,1
0.01657792,1
0.01657635,1
0.01657635,1
0.01657822,1
0.01657822,1
0.01658004,1
0.01657761,1
0.01657761,1
0.01658317,1
0.01657709,1
0.01657872,1
0.01657874,1
0.01657649,1
0.01657649,1
0.01658263,1
0.01657788,1
0.01658267,1
0.01657939,1
0.01658067,1
0.01658067,1
0.01656031,1
0.01657711,1
0.0165778,1
0.0165778,1
0.01658215,1
0.0165797,1
0.0165797,1
0.01657924,1
0.01657895,1
0.01657961,1
0.01657951,1
0.01657977,1
0.01657977,1
0.016577,1
0.016577,1
0.0166276,1
0.01657231,1
0.01658246,1
0.01657833,1
0.01657833,1
0.01657721,1
0.01632819,1
0.01632819,1
0.01657474,1
0.01657976,1
0.01657656,1
0.01657889,1
0.01657751,1
0.01657751,1
0.01657717,1
0.01658071,1
0.01657798,1
0.01657798,1
0.01657791,1
0.01658856,1
0.01659106,1
0.01659106,1
0.01658479,1
0.01659024,1
0.0165904,1
0.0165904,1
0.01658686,1
0.01658825,1
0.01658888,1
0.01658579,1
0.01659345,1
0.01659076,1
0.01659076,1
0.01658861,1
0.01658901,1
0.01658901,1
0.01658971,1
0.01658753,1
0.01658876,1
0.01659027,1
0.01659027,1
0.0165861,1
0.01659037,1
0.01659668,1
0.01659668,1
0.0165887,1
0.01658736,1
0.01658565,1
0.01658935,1
0.01658935,1
0.01658726,1
0.01658832,1
0.01658929,1
0.01658794,1
0.01659439,1
0.01659439,1
0.01658797,1
0.01658797,1
0.01659044,1
0.01659002,1
0.01658457,1
0.0165921,1
0.0165921,1
0.0165921,1
0.01650816,1
0.01650816,1
0.01656609,1
0.01657239,1
0.01657788,1
0.01657788,1
0.01657214,1
0.01657399,1
0.01657137,1
0.01657342,1
0.01657295,1
0.01658019,1
0.01656883,0
0.01656883,0
0.01657048,0
0.01658412,0
0.01657546,0
0.01657546,0
0.01657901,0
0.0165724,0
0.01657184,0
0.01658089,0
0.01657216,0
0.01657354,0
0.03350665,0
0.03350665,0
0.03316328,0
0.01662272,0
0.01663056,0
0.01658338,0
0.01657601,0
0.03315986,0
0.01657662,0
0.01658597,0
0.01657245,0
0.01661025,0
0.01658323,0
0.01658307,0
0.01658307,0
0.01658787,0
0.01658311,0
0.01658573,0
0.01658573,0
0.01658335,0
0.0165792,0
0.0165792,0
0.01658329,0
0.01658315,0
0.016582,0
0.01658278,0
0.01658156,0
0.01658269,0
0.01658269,0
0.01658616,0
0.016583,0
0.016583,0
0.01658189,0
0.01658735,0
0.01658211,0
0.01658216,0
0.01658031,0
0.01657813,0
0.01657973,0
0.0165812,0
0.01658187,0
0.01658187,0
0.01658261,0
0.01658254,0
0.0165818,0
0.0165818,0
0.01658017,0
0.01658216,0
0.01658216,0
0.0165846,0
0.01657925,0
0.01657925,0
0.01657133,0
0.01659417,0
0.0165834,0
0.01658199,0
0.01657941,0
0.01657941,0
0.01658164,0
0.01658449,0
0.01658347,0
0.01658257,0
0.01658257,0
0.01658116,0
0.0165842,0
0.0165826,0
0.01658422,0
0.01658315,0
0.01658315,0
0.01658281,0
0.01658281,0
0.01658235,0
0.01658235,0
0.01658443,0
0.01657787,0
0.01658034,0
0.01658791,0
0.01658199,0
0.01658199,0
0.01658223,0
0.01657694,0
0.01657788,0
0.01658739,0
0.01658353,0
0.01658353,0
0.01658236,0
0.03315769,0
0.01658443,0
0.01658725,0
0.01658175,0
0.01658427,0
0.01657952,0
0.01658055,0
0.01658055,0
0.01658055,0
0.01658263,0
0.01658194,0
0.01658194,0
0.03316664,0
0.01657971,0
0.01657971,0
0.01658069,0
0.01658069,0
0.01658338,0
0.01658124,0
0.01658087,0
0.01690339,0
0.01690339,0
0.01657615,0
0.01658227,0
0.01658792,0
0.01658201,0
0.01658201,0
0.01658278,0
0.01658084,0
0.01658084,0
0.0165815,0
0.01643967,0
0.01643967,0
0.01672634,0
0.01649073,0
0.01667448,0
0.01658379,0
0.0165814,0
0.01658219,0
0.01658219,0
0.01658016,0
0.01658016,0
0.01658566,0
0.01658228,0
0.01658228,0
0.01658336,0
0.01657998,0
0.01657998,0
0.01657423,0
0.01659041,0
0.01658369,0
0.0165829,0
0.01658506,0
0.01658431,0
0.01657918,0
0.01657924,0
0.01658118,0
0.01658118,0
0.0165837,0
0.01658286,0
0.01658117,0
0.01658117,0
0.01658236,0
0.01658236,0
0.01658217,0
0.01658217,0
0.0165833,0
0.01658251,0
0.01658251,0
0.01658456,0
0.01658456,0
0.01657977,0
0.01657977,0
0.01658166,0
0.01657831,0
0.01657831,0
0.01658139,0
0.01658139,0
0.01658111,0
0.01657703,0
0.01657703,0
0.01658,0
0.01658,0
0.01658277,0
0.01658277,0
0.01657978,0
0.01658168,0
0.01658168,0
0.01658158,0
0.01658151,0
0.0165838,0
0.0165838,0
0.01628011,0
0.01658245,0
0.01658245,0
0.01658679,0
0.01658767,0
0.01658767,0
0.01658246,0
0.01658207,0
0.01658207,0
0.01658685,0
0.01658685,0
0.01658149,0
0.01658731,0
0.01658731,0
0.01657993,0
0.01658582,0
0.01658582,0
0.0165823,0
0.01658312,0
0.01658312,0
0.01658204,0
0.01658204,0
0.01658183,0
0.01658369,0
0.01658231,0
0.01658231,0
0.01658433,0
0.01657923,0
0.01658418,0
0.01657812,0
0.016582,0
0.0165327,0
0.0165766,0
0.01658178,0
0.01658178,0
0.01658425,0
0.01658245,0
0.01658084,0
0.01658769,0
0.01658529,0
0.01657847,0
0.01658081,0
0.01658081,0
0.01658349,0
0.01658164,0
0.01658164,0
0.01647858,1
0.01658338,1
0.01657773,1
0.01657773,1
0.01658133,1
0.01658063,1
0.01658063,1
0.01607857,1
0.01607857,1
0.0165806,1
0.01658172,1
0.01656855,1
0.0165706,1
0.01656502,1
0.01656998,1
0.01656998,1
0.01657083,1
0.01657083,1
0.01655929,1
0.01656775,1
0.01656775,1
0.0165707,1
0.01657329,1
0.01657329,1
0.01656821,1
0.01656821,1
0.0165689,1
0.01657267,1
0.01656664,1
0.01657091,1
0.01657091,1
0.01657069,1
0.01657069,1
0.01656971,1
0.01656911,1
0.01656789,1
0.01656896,1
0.01656896,1
0.01656849,1
0.01656849,1
0.01657254,1
0.0165683,1
0.0165683,1
0.01658124,1
0.01657955,1
0.01657922,1
0.01658008,1
0.01657828,1
0.01658255,1
0.01657627,1
0.01658138,1
0.01658203,1
0.01658062,1
0.01658156,1
0.01657991,1
0.01658272,1
0.01658055,1
0.01658132,1
0.01658255,1
0.01658255,1
0.01658065,1
0.01658076,1
0.01658076,1
0.01658027,1
0.01658264,1
0.01657655,1
0.01657655,1
0.01661542,1
0.01658309,1
0.01658309,1
0.01657991,1
0.01658238,1
0.01658238,1
0.01657992,1
0.01658149,1
0.01658357,1
0.01657954,1
0.01657954,1
0.01658293,1
0.01657791,1
0.01657791,1
0.01657848,1
0.01658244,1
0.01657883,1
0.01657883,1
0.01658073,1
0.01658069,1
0.01658135,1
0.016583,1
0.01658128,1
0.01668113,1
0.01668113,1
0.01657726,1
0.01657871,1
0.01657871,1
0.01658428,1
0.01658428,1
0.01658112,1
0.0165798,1
0.0165798,1
0.0165817,1
0.01658206,1
0.01658188,1
0.01657909,1
0.03316047,1
0.01658015,1
0.01658093,1
0.01657691,1
0.01657691,1
0.01658134,1
0.03316025,1
0.0165791,1
0.01658112,1
0.01658086,1
0.01657851,1
0.01657851,1
0.01657761,1
0.01657761,1
0.01657399,1
0.01658226,1
0.01658226,1
0.01658231,1
0.01658411,1
0.01658411,1
0.01668426,1
0.0331595,1
0.01658516,1
0.01658297,1
0.01658255,1
0.01658295,1
0.01658049,1
0.01657799,1
0.01658033,1
0.01657896,1
0.01657896,1
0.01657995,1
0.01657995,1
0.01666429,1
0.01658029,1
0.01658594,1
0.01658594,1
0.01658101,1
0.01658288,1
0.01658391,1
0.01658391,1
0.01657935,1
0.01658275,1
0.01658301,1
0.01658301,1
0.01658032,1
0.01657617,1
0.01658495,1
0.0165813,1
0.0165813,1
0.01658338,1
0.01657842,1
0.01657842,1
0.01657955,1
0.01658183,1
0.0165827,1
0.01658057,1
0.01658103,1
0.01658054,1
0.01658198,1
0.01658079,1
0.01658328,1
0.01658328,1
0.0166773,1
0.0166773,1
0.0165785,1
0.01658007,1
0.01657918,1
0.01658097,1
0.01657812,1
0.01658255,1
0.01657993,1
0.01658202,1
0.01657956,1
0.01657956,1
0.03316894,1
0.03316894,1
0.01658139,1
0.01658095,1
0.01658054,1
0.0165808,1
0.0165808,1
0.01658184,1
0.01658132,1
0.01658132,1
0.01658372,1
0.01658152,1
0.01658152,1
0.0165808,1
0.0165808,1
0.01658362,1
0.01658159,1
0.01657975,1
0.01658246,1
0.0165786,1
0.01668756,1
0.01658661,1
0.01658661,1
0.01658059,1
0.01658174,1
0.01658174,1
0.01657735,1
0.01657735,1
0.03316265,1
0.01657927,1
0.01657927,1
0.01658213,1
0.01658213,1
0.0165806,1
0.01657877,1
0.01657877,1
0.01658151,1
0.01658151,1
0.01658061,1
0.0165822,1
0.0165822,1
0.01658535,1
0.01658102,1
0.01658102,1
0.01658065,1
0.01658013,1
0.01658013,1
0.01657816,1
0.01658286,1
0.01658286,1
0.01658242,1
0.01658019,1
0.01658359,1
0.01658207,1
0.01657792,1
0.01658063,1
0.0165808,1
0.01658189,0
0.01658223,0
0.01649444,0
0.01649444,0
0.0165824,0
0.01658109,0
0.01658109,0
0.01657947,0
0.01658394,0
0.01658334,0
0.01658139,0
0.01657765,0
0.0165817,0
0.01657884,0
0.01657884,0
0.01658085,0
0.0165845,0
0.0165763,0
0.01657915,0
0.01658242,0
0.01658242,0
0.01658354,0
0.01658051,0
0.01658051,0
0.01658142,0
0.01658272,0
0.01658032,0
0.01658141,0
0.01658092,0
0.01657974,0
0.01658177,0
0.0165762,0
0.0165815,0
0.01658485,0
0.01658485,0
0.01658116,0
0.01658141,0
0.01658141,0
0.01658209,0
0.01658148,0
0.01658148,0
0.01658333,0
0.01658333,0
0.01658144,0
0.01658143,0
0.01657911,0
0.01658855,0
0.01659029,0
0.01658901,0
0.01658901,0
0.01658779,0
0.01658506,0
0.01658506,0
0.01659117,0
0.01658852,0
0.01658777,0
0.01658777,0
0.01659068,0
0.01658595,0
0.01659009,0
0.01658789,0
0.01658789,0
0.01658659,0
0.01658659,0
0.01658976,0
0.01658833,0
0.01658833,0
0.01658776,0
0.0165879,0
0.01658882,0
0.01658882,0
0.01658422,0
0.01658324,0
0.01658324,0
0.01658402,0
0.01659044,0
0.01659044,0
0.01658665,0
0.0165863,0
0.01658916,0
0.01658911,0
0.01658911,0
0.01658834,0
0.01658834,0
0.01659213,0
0.01658873,0
0.01658873,0
0.01658739,0
0.01658729,0
0.01658729,0
0.01658792,0
0.0165897,0
0.0165897,0
0.01658787,0
0.01658787,0
0.01658657,0
0.0165864,0
0.01658892,0
0.01658892,0
0.01658649,0
0.01659287,0
0.01659154,0
0.01659154,0
0.01659087,0
0.01659087,0
0.01658861,0
0.01658861,0
0.01658949,0
0.01658583,0
0.01658583,0
0.01658842,0
0.01658976,0
0.01658866,0
0.01658866,0
0.03317925,0
0.0165902,0
0.0165902,0
0.01658178,0
0.01658178,0
0.04977291,0
0.01658803,0
0.01658803,0
0.01658557,0
0.01659,0
0.01659,0
0.01658833,0
0.01658833,0
0.01659061,0
0.016587,0
0.016587,0
0.01658797,0
0.0165876,0
0.0165876,0
0.01659105,0
0.0165857,0
0.01658954,0
0.0165881,0
0.0165881,0
0.01658686,0
0.01658939,0
0.01658939,0
0.01658755,0
0.01659018,0
0.01659018,0
0.01658754,0
0.01658754,0
0.01659188,0
0.01658881,0
0.01658621,0
0.01658951,0
0.01658951,0
0.01659,0
0.01658864,0
0.01659071,0
0.01658637,0
0.01658917,0
0.01658715,0
0.01658715,0
0.01658705,0
0.01658705,0
0.01658841,0
0.01658841,0
0.01658854,0
0.01658701,0
0.01658819,0
0.01658891,0
0.01659026,0
0.01659203,0
0.01659203,0
0.01658768,0
0.01658768,0
0.01659139,0
0.01659139,0
0.01658846,0
0.0165858,0
0.01657167,0
0.01658904,0
0.01658904,0
0.01658726,0
0.01658726,0
0.01658428,0
0.01658736,0
0.01658736,0
0.01658596,0
0.0165871,0
0.01658755,0
0.01658869,0
0.01658446,0
0.01658446,0
0.01658602,0
0.01658498,0
0.0165838,0
0.01658463,0
0.01658543,0
0.01658556,0
0.0165943,0
0.01652657,0
0.01652657,0
0.01658629,0
0.01658639,0
0.01656829,0
0.01658405,0
0.01658693,0
0.01658479,0
0.01658479,0
0.01658509,0
0.01658688,0
0.01658719,0
0.01658614,0
0.01658614,0
0.01658521,0
0.01658521,0
0.01657993,0
0.01658626,0
0.01658626,0
0.0166797,0
0.01658273,0
0.01658273,0
0.01658354,0
0.01658354,0
0.01658414,0
0.01658414,0
0.01658883,0
0.01658623,0
0.01658623,0
0.01658439,0
0.01658577,0
0.01658577,0
0.01658911,0
0.01658911,0
0.01658107,0
0.01658601,0
0.01658553,0
0.01658569,0
0.01658569,0
0.0165845,0
0.0165845,0
0.01658564,0
0.01658564,0
0.01658782,1
0.01658782,1
0.01658696,1
0.01658663,1
0.01658818,1
0.01658497,1
0.01658443,1
0.01658443,1
0.01658807,1
0.01658312,1
0.01658552,0
0.01658564,0
0.01658564,0
0.01658154,0
0.01658721,0
0.01658721,0
0.01658572,0
0.01658572,0
0.01658137,0
0.01609814,0
0.01658854,0
0.01658861,0
0.01658861,0
0.01658314,0
0.01657783,0
0.01658332,0
0.01658332,0
0.01658073,0
0.01658036,0
0.01658036,0
0.01654368,0
0.01657939,0
0.01657939,0
0.01658114,0
0.01658114,0
0.01657901,0
0.01652891,0
0.01657913,0
0.01657878,0
0.01658079,0
0.01658079,0
0.01658362,0
0.01633957,0
0.01682115,0
0.01658024,0
0.01658024,0
0.01658709,0
0.01658709,0
0.01657355,0
0.01657948,0
0.01658018,0
0.03316278,0
0.01658031,0
0.01658119,0
0.01657813,0
0.01657813,0
0.01658283,0
0.01658283,0
0.01658472,0
0.01658187,0
0.01658187,0
0.01658136,0
0.01658091,0
0.01658091,0
0.01657959,0
0.0165876,0
0.01658083,0
0.01658083,0
0.03315875,0
0.01658132,0
0.01658132,0
0.01658088,0
0.01658216,0
0.01654532,0
0.01656963,0
0.01657197,0
0.0165774,0
0.0165774,0
0.01656006,0
0.01656006,0
0.01657687,0
0.01657712,0
0.01657712,0
0.01657671,0
0.01657431,0
0.01657431,0
0.01643359,0
0.01657711,0
0.01657755,0
0.01657528,0
0.01657511,1
0.01657521,1
0.01657521,1
0.01658514,1
0.01659297,1
0.01659193,1
0.01659097,1
0.01659053,1
0.01658582,1
0.01658582,1
0.03290347,1
0.01660975,1
0.01656861,1
0.0166125,1
0.01658508,1
0.01658929,1
0.01659282,1
0.01659513,1
0.01658518,1
0.01658518,1
0.01659141,1
0.01658855,1
0.01658855,1
0.01660842,1
0.04923874,1
0.04923874,1
0.01658991,1
0.01658054,1
0.01657866,1
0.01658178,1
0.01658227,1
0.01658139,1
0.01658116,1
0.01658119,1
0.01658119,1
0.016583,1
0.01658269,1
0.01657877,1
0.01658628,1
0.01648381,1
0.01658327,1
0.01658447,1
0.01658152,1
0.01658353,1
0.01658158,1
0.01658273,1
0.01657799,1
0.01658005,1
0.0165877,1
0.0165811,1
0.0165811,1
0.01658452,1
0.01658452,1
0.0165816,1
0.01657415,1
0.01657415,1
0.03317323,1
0.01658188,1
0.01658188,1
0.01658155,1
0.01658369,1
0.01658369,1
0.01658227,1
0.01658126,1
0.01658242,1
0.01658242,1
0.01658179,1
0.01658646,1
0.01658034,1
0.01658034,1
0.01658902,1
0.01658099,1
0.01694687,1
0.01658183,1
0.01658183,1
0.01662963,1
0.01659396,1
0.01659489,1
0.01659133,1
0.01659342,1
0.01659342,1
0.01659463,1
0.01659213,1
0.01659573,1
0.01659573,1
0.0165943,1
0.01659424,1
0.01659286,1
0.01659286,1
0.01659555,1
0.01659809,1
0.0165951,1
0.01659089,1
0.01659089,1
0.01659366,1
0.01659673,1
0.01659673,1
0.01659503,1
0.01659503,1
0.01659531,1
0.01659421,1
0.016594,1
0.01659283,1
0.01659283,1
0.0165972,1
0.01659605,1
0.01659403,1
0.0165937,1
0.0165937,1
0.01603761,1
0.0165931,1
0.01659676,1
0.01647786,1
0.01647786,1
0.01657439,1
0.01657817,1
0.01657817,1
0.01657409,1
0.0165733,1
0.0165733,1
0.01657459,0
0.01657459,0
0.01657343,0
0.01657837,0
0.01657584,0
0.01657965,0
0.01657719,0
0.01657719,0
0.01657671,0
0.03315084,0
0.01657694,0
0.01657694,0
0.01657563,0
0.01657153,0
0.01657354,0
0.0165754,0
0.0165754,0
0.01657453,0
0.01657453,0
0.0165724,0
0.0165736,0
0.0165777,0
0.03314268,0
0.03314268,0
0.03362138,0
0.01658282,0
0.01658282,0
0.0165724,0
0.01657907,0
0.01657907,0
0.0165802,0
0.01658042,0
0.01658042,0
0.01658126,0
0.01657756,0
0.01657756,0
0.01657788,0
0.01658247,0
0.01658214,0
0.01658214,0
0.01658134,0
0.01657958,0
0.01657994,0
0.01657994,0
0.01657672,0
0.01657966,0
0.01657846,0
0.01657846,0
0.01657983,0
0.01658103,0
0.01657932,0
0.0165797,0
0.01658134,0
0.01657993,0
0.01657993,0
0.01657837,0
0.01657915,0
0.01658184,0
0.01658184,0
0.01658019,0
0.01658019,0
0.01657944,0
0.01657887,0
0.01657963,0
0.01657963,0
0.01658057,0
0.01657584,0
0.01657952,0
0.01658026,0
0.01657948,0
0.01657873,0
0.01657873,0
0.01657908,0
0.01658257,0
0.01657721,0
0.01657721,0
0.01658284,0
0.01658405,0
0.01658405,0
0.01657991,0
0.01657991,0
0.01753799,0
0.01753799,0
0.01657945,0
0.016581,0
0.01658058,0
0.01657721,0
0.01657721,0
0.01657959,0
0.01657959,0
0.01658236,0
0.01657712,0
0.01657871,0
0.01657834,0
0.01657858,0
0.0165785,0
0.0165785,0
0.01658113,0
0.01658015,0
0.01658015,0
0.01658161,0
0.01658161,0
0.01658019,0
0.01658019,0
0.01657692,0
0.01658141,0
0.01658078,0
0.01658524,0
0.01657977,0
0.01657813,0
0.01658051,0
0.01657796,0
0.01657796,0
0.01657876,0
0.0165807,0
0.01657682,0
0.01658147,0
0.01658147,0
0.01658021,0
0.01657867,0
0.01657917,0
0.01657982,0
0.01648137,0
0.01657948,0
0.01657948,0
0.01657822,0
0.01657822,0
0.01658112,0
0.01658277,0
0.01657964,0
0.03316191,0
0.01657893,0
0.01658116,0
0.01658116,0
0.01657849,0
0.01657965,0
0.01657897,0
0.01624485,0
0.01691483,0
0.03316253,0
0.01658749,0
0.01657876,0
0.0165834,0
0.03315404,0
0.01657932,0
0.01658071,0
0.01658547,0
0.01658707,0
0.01679509,0
0.01658071,0
0.01658144,0
0.01658254,0
0.01658016,0
0.01658016,0
0.0165806,0
0.01657313,0
0.01657747,0
0.01657747,0
0.01657713,0
0.01658142,0
0.01657972,0
0.01658064,0
0.01657723,0
0.01657746,0
0.01658043,0
0.0164937,0
0.01657869,0
0.01657869,0
0.03316055,0
0.01657817,0
0.01657817,0
0.0165819,0
0.01658049,0
0.01658049,0
0.01657812,0
0.0165806,0
0.0165806,0
0.01659409,0
0.01658338,0
0.01657842,0
0.01658699,1
0.01658699,1
0.01657846,1
0.01657846,1
0.01658115,1
0.01658063,1
0.01658063,1
0.01657926,1
0.0165789,1
0.0165789,1
0.01657647,1
0.01658254,1
0.01658254,1
0.01658081,1
0.01657966,1
0.01657966,1
0.01658086,1
0.01658124,1
0.01658124,1
0.01658443,1
0.01658223,1
0.01658227,1
0.01658314,1
0.01658492,1
0.01658268,1
0.01658268,1
0.01658106,1
0.01658245,1
0.01657956,1
0.0165825,1
0.01657918,1
0.0165923,1
0.01658186,1
0.01658186,1
0.01657433,1
0.01657662,1
0.01658108,1
0.01658317,1
0.01356874,1
0.01658612,1
0.01658612,1
0.01658415,1
0.01658314,1
0.01658314,1
0.01658476,1
0.0165806,1
0.03316932,1
0.01658274,1
0.01658108,1
0.01658382,1
0.01658562,1
0.01658272,1
0.01658568,1
0.01658366,1
0.01658527,1
0.01658527,1
0.01658091,1
0.06628352,1
0.06628352,1
0.06628352,1
0.03314856,1
0.01657452,1
0.03315315,1
0.03315315,1
0.0165747,1
0.0165777,1
0.01657225,1
0.01657717,1
0.01657323,1
0.01657489,1
0.01657576,1
0.01657584,1
0.01657522,1
0.01657358,1
0.01657564,1
0.01657676,1
0.0165748,1
0.01657563,1
0.01657563,1
0.01657762,1
0.01657692,1
0.01657332,1
0.01657274,1
0.01657372,1
0.01657677,1
0.01657661,1
0.01657511,1
0.0165797,1
0.01657911,1
0.01657911,1
0.01657545,0
0.01657509,0
0.01657547,0
0.01657725,0
0.01657725,0
0.01657425,0
0.01657489,0
0.01657496,0
0.01657496,0
0.01657579,0
0.01657655,0
0.01657548,0
0.01657548,0
0.0165746,0
0.01657288,0
0.01657288,0
0.01657768,0
0.01657518,0
0.01657518,0
0.0165762,0
0.01657589,0
0.01657579,0
0.01657579,0
0.01657594,0
0.01657556,0
0.0165773,0
0.01657609,0
0.01657468,0
0.01657544,0
0.01657544,0
0.01657493,0
0.01666912,0
0.01721483,0
0.01657655,0
0.01657655,0
0.01657595,0
0.01657643,0
0.01657643,0
0.01657254,0
0.01657244,0
0.01657884,0
0.01657787,0
0.01657173,0
0.0165787,0
0.0165787,0
0.01657631,0
0.0165752,0
0.0165752,0
0.01692101,0
0.01657917,0
0.01657527,0
0.01657967,0
0.01657803,0
0.01657803,0
0.01658176,0
0.01657728,0
0.01657991,0
0.01656856,0
0.01658457,0
0.01657952,0
0.0165756,0
0.0165807,0
0.0165807,0
0.01658053,0
0.0165781,0
0.0165781,0
0.01657734,0
0.01657994,0
0.01657994,0
0.01657942,0
0.01657796,0
0.01657796,0
0.01657608,0
0.01657978,0
0.01657978,0
0.01657691,0
0.01657927,0
0.01657927,0
0.01658062,0
0.01657765,0
0.01657957,0
0.01657957,0
0.01657652,0
0.01657813,0
0.01657925,0
0.01657925,0
0.01657349,0
0.01658103,0
0.01657798,0
0.01657831,0
0.01657831,0
0.01657782,0
0.01657782,0
0.01657586,0
0.01658191,0
0.01658169,0
0.01657948,0
0.01658055,0
0.01657796,0
0.01658701,0
0.01658701,0
0.01658609,0
0.01658609,0
0.01658283,0
0.01658566,0
0.01658566,0
0.01658645,0
0.01658516,0
0.01658515,0
0.01659014,0
0.01658238,0
0.01658578,0
0.01658578,0
0.01658561,0
0.01658561,0
0.01658493,0
0.01658431,0
0.03317384,0
0.01658319,0
0.0165482,0
0.01658672,0
0.01658672,0
0.01658004,0
0.0165845,0
0.0165845,0
0.01658654,0
0.01658531,0
0.01658531,0
0.01658449,0
0.01659129,0
0.01658224,0
0.01658224,0
0.01658111,0
0.0165877,0
0.01649962,0
0.01658528,0
0.01658337,0
0.01658638,0
0.01658333,0
0.01658534,0
0.01658011,0
0.01658384,0
0.01658454,0
0.01658454,0
0.01658867,0
0.01658381,0
0.01658656,0
0.01658703,0
0.01658444,0
0.01658794,0
0.01657147,0
0.01658541,0
0.01658523,0
0.01658518,0
0.01658568,0
0.01658696,0
0.0165861,0
0.0165861,0
0.01658414,0
0.01658414,0
0.01658725,0
0.01658738,0
0.01658738,0
0.01604245,0
0.0165867,0
0.01658525,0
0.01651857,0
0.01657359,0
0.01657359,0
0.01657891,0
0.01657188,0
0.01657768,0
0.01656892,0
0.01657154,0
0.01657326,0
0.01657326,0
0.01657132,0
0.01657286,0
0.01657286,0
0.01657319,0
0.01656914,0
0.01656914,0
0.01657994,0
0.01656967,0
0.01657006,0
0.01657264,0
0.01657264,0
0.01657502,0
0.01657003,0
0.01657003,0
0.03314425,0
0.01656998,0
0.01656998,0
0.01656903,0
0.01657395,0
0.01657395,0
0.01657183,0
0.01657234,0
0.01657234,0
0.03314653,0
0.01656584,0
0.01657435,0
0.01656857,0
0.01657299,0
0.01657182,0
0.01657103,0
0.01656848,0
0.01657468,0
0.01657438,0
0.0165734,0
0.0165734,0
0.01657265,0
0.01657293,0
0.01657182,0
0.01657183,0
0.01657088,0
0.01656921,0
0.01657032,0
0.01657738,0
0.01657243,0
0.01657243,0
0.01657158,0
0.01657106,0
0.01657224,0
0.01657154,0
0.01657579,0
0.01657385,0
0.01657081,0
0.01657099,0
0.01657231,0
0.01657231,0
0.01656978,0
0.01657499,0
0.01657232,0
0.01656953,0
0.01657216,0
0.01657216,0
0.0165736,0
0.01657436,0
0.01657436,0
0.01657298,0
0.01657298,0
0.01657013,0
0.01657004,0
0.0165731,0
0.0165731,0
0.01657272,0
0.01657285,0
0.0165676,0
0.0165676,0
0.01657159,0
0.01692759,0
0.0165751,0
0.01657433,0
0.01657156,0
0.01658117,0
0.01658366,0
0.01658131,0
0.01658037,0
0.01658061,0
0.01658156,0
0.01658125,0
0.01657947,0
0.01658091,0
0.01681319,0
0.01657993,0
0.03316303,0
0.03316303,0
0.016584,0
0.01658169,0
0.01658177,0
0.0164136,0
0.01674427,0
0.01674427,0
0.01658044,0
0.0165802,0
0.01657561,0
0.0163921,0
0.01658163,0
0.01658163,0
0.01658041,1
0.01657612,1
0.01658191,1
0.01658191,1
0.01658004,1
0.01658372,1
0.01657807,1
0.01658014,1
0.01658132,1
0.01658132,1
0.01658042,1
0.01658042,1
0.01658165,1
0.01658165,1
0.01657996,1
0.01657732,1
0.01658448,1
0.01657888,1
0.01657888,1
0.01657571,1
0.01658128,1
0.01658128,1
0.01658009,1
0.01658009,1
0.01658238,1
0.01657993,1
0.0165824,1
0.0165824,1
0.01657658,1
0.01657859,1
0.01657872,1
0.01657972,1
0.01658076,1
0.0165787,1
0.0165787,1
0.0165814,1
0.01657656,1
0.01657656,1
0.01634693,1
0.01658281,1
0.01657739,1
0.01657957,1
0.01658048,1
0.01658092,1
0.01658023,1
0.03316373,1
0.01657613,1
0.01658111,1
0.01658111,1
0.01657941,1
0.0169427,1
0.01657889,1
0.01657889,1
0.01657875,1
0.01657875,1
0.01657848,1
0.01657848,1
0.01658281,1
0.01657858,1
0.01658034,1
0.01658034,0
0.01657799,0
0.01657867,0
0.0165804,0
0.0165804,0
0.01657692,0
0.01657692,0
0.01657765,0
0.01657821,0
0.01657821,0
0.01647589,0
0.03326,0
0.03326,0
0.01658047,0
0.01658047,0
0.01657642,0
0.01658111,0
0.01657899,0
0.0169046,0
0.01775918,0
0.01775918,0
0.01659424,0
0.01659424,0
0.01659388,0
0.01659771,0
0.01659117,0
0.01659466,0
0.01659466,0
0.01659044,0
0.01659622,0
0.01659502,0
0.01659051,0
0.01659164,0
0.01668626,0
0.01659024,0
0.01687618,0
0.0331885,0
0.0331885,0
0.01659417,0
0.01659383,0
0.01659371,0
0.01659271,0
0.0165912,0
0.0165923,0
0.0165923,0
0.01659189,0
0.01659337,0
0.0165923,0
0.01659212,0
0.01659212,0
0.01619156,0
0.01659345,0
0.01659176,0
0.01646828,0
0.01658174,0
0.01658174,0
0.01658176,0
0.01657964,0
0.01657964,0
0.01658499,0
0.0165801,0
0.01658309,0
0.01658309,0
0.01658279,0
0.01658279,0
0.01658221,0
0.01658468,0
0.01658392,0
0.01658392,0
0.01658165,0
0.01657823,0
0.01657823,0
0.0165873,0
0.01657946,0
0.01657946,0
0.01658421,0
0.01658421,0
0.01658363,0
0.01658136,0
0.01658136,0
0.01658574,0
0.01658204,0
0.01658088,0
0.01658727,0
0.01658727,0
0.01652548,0
0.01652548,0
0.01658074,0
0.01658406,0
0.01658406,0
0.01658222,0
0.01658334,0
0.01658305,0
0.01658207,0
0.01658284,0
0.01658321,0
0.01658142,0
0.01658224,0
0.01658381,0
0.01658285,0
0.01658107,0
0.01658014,0
0.01658014,0
0.01658391,0
0.01658391,0
0.01659634,0
0.01659634,0
0.01657687,0
0.01657565,0
0.01657565,0
0.01658147,0
0.01657907,0
0.01657613,0
0.01657613,0
0.0165796,0
0.0165796,0
0.01657993,0
0.01657933,0
0.01657848,0
0.01658143,0
0.01657848,0
0.01657985,0
0.01657848,0
0.01657848,0
0.0165775,0
0.01657918,0
0.01657955,0
0.01657955,0
0.01657766,0
0.01658089,0
0.01658089,0
0.01658016,0
0.01658074,0
0.01658074,0
0.01657845,0
0.01658076,0
0.01657876,0
0.01693271,0
0.01658117,0
0.01657353,0
0.01658061,0
0.0165888,0
0.01658755,0
0.01658755,0
0.01658662,0
0.01658662,0
0.0165836,0
0.0165836,0
0.0165854,0
0.01658235,0
0.01658642,0
0.01658677,0
0.01658461,0
0.01658461,0
0.01668376,0
0.01668376,0
0.01658821,0
0.01658582,0
0.01658582,0
0.01658805,0
0.01658967,0
0.01658773,0
0.01658773,0
0.0165867,0
0.0165867,0
0.01658513,0
0.01658759,0
0.01658759,0
0.01658878,0
0.01643668,0
0.01673887,0
0.01658715,0
0.01658848,0
0.01658848,0
0.01658978,0
0.01658765,0
0.01658765,0
0.01658851,0
0.01658851,0
0.01658615,0
0.01658735,0
0.01667294,0
0.01658804,0
0.01658804,0
0.01658682,0
0.01658682,0
0.01658997,0
0.01658997,0
0.01658628,0
0.01658628,0
0.01658847,0
0.01658773,0
0.01658773,0
0.01658732,0
0.01658181,0
0.0165871,0
0.0165871,0
0.01658749,0
0.01649572,0
0.01609232,0
0.0165853,0
0.01658597,0
0.01657589,0
0.01657589,0
0.0165729,0
0.0165729,0
0.0165743,0
0.01657943,0
0.01657943,0
0.01657162,0
0.01657812,0
0.01657365,0
0.01671061,0
0.01657603,0
0.01657603,0
0.01657343,0
0.01657412,0
0.01657412,0
0.01376621,0
0.01657573,0
0.01657573,1
0.01634193,1
0.01650192,1
0.01650192,1
0.01657349,1
0.01657389,1
0.01657389,1
0.01657316,1
0.03315004,1
0.03315004,1
0.01657364,1
0.0165731,1
0.01657574,1
0.01651991,1
0.01662799,1
0.01657929,1
0.01657399,1
0.01657399,1
0.01657423,1
0.01657423,1
0.01656912,0
0.0165753,0
0.0165753,0
0.01657214,0
0.01657471,0
0.01657471,0
0.01657569,0
0.01657643,0
0.01657643,0
0.01657418,0
0.01657418,0
0.01657413,0
0.01656782,0
0.0165836,0
0.01629547,0
0.01684588,0
0.01657699,0
0.01657325,0
0.01657465,0
0.01657496,0
0.01657909,0
0.01657058,0
0.01658732,0
0.01658732,0
0.01657517,0
0.01657517,0
0.01657674,0
0.01657673,0
0.01657302,0
0.01657874,0
0.01657269,0
0.0165747,0
0.01657025,0
0.03315698,0
0.01657012,0
0.01657012,0
0.01657705,0
0.01657225,0
0.01657527,0
0.01657527,0
0.01657694,0
0.01657746,0
0.01657173,0
0.01657443,0
0.01657175,0
0.01657175,0
0.01657312,0
0.01657312,0
0.01657495,0
0.01657495,0
0.01657412,0
0.01657412,0
0.01657578,0
0.01657576,0
0.01657576,0
0.01657543,0
0.01657543,0
0.01656929,0
0.01657811,0
0.01657811,0
0.01657544,0
0.01657544,0
0.01657475,0
0.01657475,0
0.01657499,0
0.01657522,0
0.01657522,0
0.01509473,0
0.01805378,0
0.01657498,0
0.01657498,0
0.01657068,0
0.01657427,0
0.01657582,0
0.01657319,0
0.01657638,0
0.01657638,0
0.01657437,0
0.01657396,0
0.01657576,0
0.01657576,0
0.0165753,0
0.01657405,0
0.01657405,0
0.01657177,0
0.01657421,0
0.0169439,0
0.01658055,0
0.01658055,0
0.01658008,0
0.01658342,0
0.016582,0
0.0165895,0
0.01657547,0
0.01657547,0
0.01658583,0
0.01658137,0
0.01658137,0
0.01658499,0
0.01658364,0
0.01658401,0
0.01658286,0
0.01658773,0
0.01658773,0
0.01658286,0
0.01658081,0
0.01658503,0
0.01658503,0
0.0165853,0
0.01658176,0
0.01658176,0
0.01658221,0
0.0165803,0
0.01658929,0
0.01658929,0
0.01658333,0
0.0165826,0
0.01635392,0
0.01658504,0
0.01658504,0
0.03316631,0
0.01658138,0
0.01658475,0
0.01658485,0
0.01658485,0
0.01658503,0
0.0165832,0
0.01658384,0
0.01658401,0
0.01658401,0
0.01658213,0
0.01658605,0
0.01658342,0
0.01658358,0
0.01658193,0
0.01658516,0
0.01658516,0
0.01658501,0
0.01658501,0
0.01658422,0
0.01658422,0
0.03316923,0
0.01658542,0
0.01658542,0
0.01658477,0
0.01658399,0
0.01658521,0
0.01658521,0
0.01658462,0
0.01658629,0
0.01658629,0
0.01658418,0
0.01658442,0
0.01658442,0
0.01658552,0
0.01658357,0
0.01658357,0
0.01657966,0
0.01658413,0
0.01658413,0
0.0165842,0
0.01658415,0
0.03316922,0
0.0165847,0
0.01658197,0
0.01658545,0
0.01658579,0
0.0165881,0
0.0165826,0
0.01658373,0
0.01659885,0
0.01658083,0
0.01658736,0
0.01658401,0
0.01503976,0
0.01503976,0
0.01657964,0
0.01658735,0
0.0165835,0
0.0165835,0
0.01658434,0
0.01658475,0
0.01658166,0
0.01658272,0
0.01658468,0
0.01658494,0
0.01658494,0
0.01658365,0
0.01658511,0
0.01658459,0
0.01658468,0
0.01658315,0
0.016584,0
0.016584,0
0.01658417,0
0.01658317,0
0.0165875,0
0.0165875,0
0.01658225,0
0.01657986,0
0.01657673,0
0.01658519,0
0.04975081,0
0.0165842,0
0.0165842,0
0.01658363,0
0.01658363,0
0.01658641,0
0.01658325,0
0.01658471,0
0.01658471,0
0.01658398,0
0.01658321,0
0.01658321,0
0.01658661,0
0.01658661,0
0.01658146,0
0.0168011,0
0.01658535,0
0.01658164,0
0.01658498,0
0.01658622,0
0.01658137,0
0.01658332,0
0.01658651,0
0.01658651,0
0.01658325,0
0.01658325,0
0.01658491,0
0.01658491,0
0.0165895,0
0.01657861,0
0.01657861,0
0.01658855,0
0.01657884,0
0.01657884,0
0.01658417,0
0.01658417,0
0.01657293,0
0.01657213,0
0.01657414,0
0.01656858,0
0.01657063,0
0.01657125,0
0.01656983,0
0.01657107,0
0.01657031,0
0.01657122,0
0.01657268,0
0.01666971,0
0.01656855,0
0.01657339,0
0.01657326,0
0.01657214,0
0.01647184,0
0.01656885,0
0.01656912,0
0.01657506,0
0.0139091,0
0.0139091,0
0.01657014,0
0.01657001,0
0.01657001,0
0.01657246,0
0.01656977,0
0.01656863,0
0.01657006,0
0.01657156,0
0.0165695,0
0.01657066,0
0.01657258,0
0.01657084,0
0.01657084,0
0.01656794,0
0.0165692,0
0.01656949,0
0.01657179,0
0.01657179,0
0.01657111,0
0.01656944,0
0.01657501,0
0.01656651,0
0.01656651,0
0.03314484,0
0.01657061,0
0.01657192,0
0.01657192,0
0.01657116,0
0.01657009,0
0.01657009,0
0.01657371,1
0.01657371,1
0.01657131,1
0.01656878,1
0.01657529,1
0.01657529,1
0.0165696,1
0.0165696,1
0.01657178,1
0.01657107,1
0.01657107,1
0.01657094,1
0.01656998,1
0.01656888,1
0.01656888,1
0.01667318,1
0.01667318,1
0.01657062,1
0.01657069,1
0.01656766,1
0.01656766,1
0.0165715,1
0.0165709,1
0.0165709,1
0.01656797,1
0.01656797,1
0.016571,1
0.01656655,1
0.01656655,1
0.01656889,1
0.01656889,1
0.0165645,1
0.0165645,1
0.03314684,1
0.01657097,1
0.01657097,1
0.01657283,1
0.01656904,1
0.0169498,1
0.01657257,1
0.0166469,1
0.01661245,1
0.01657971,1
0.01657634,1
0.01657634,1
0.01657468,1
0.01657516,1
0.01657516,1
0.01657298,1
0.01657298,1
0.03315267,1
0.01657557,1
0.01657546,1
0.0165724,1
0.0165724,1
0.01657877,1
0.01657443,1
0.01657696,1
0.016579,1
0.016579,1
0.01657699,1
0.0165746,1
0.0165746,1
0.01656491,1
0.01657463,1
0.01657463,1
0.01657618,1
0.0165782,1
0.01657188,1
0.01657569,1
0.01657946,1
0.01657463,1
0.01657463,1
0.01657801,1
0.01657588,1
0.01657632,1
0.01657632,1
0.01657767,1
0.01657767,1
0.01657841,1
0.01657363,1
0.01657665,1
0.01657665,1
0.01657574,1
0.01657782,1
0.01657782,1
0.01657506,1
0.01657748,1
0.01657578,1
0.01657622,1
0.01657984,1
0.01657984,1
0.01657626,1
0.01657626,1
0.01697696,1
0.01657801,1
0.0165744,1
0.01657417,1
0.01657417,1
0.01657181,1
0.01657181,0
0.01657737,0
0.01657642,0
0.01657642,0
0.01657583,0
0.01657583,0
0.08287726,0
0.08287726,0
0.03313997,0
0.01634644,0
0.01658066,0
0.01658066,0
0.03272237,0
0.03272237,0
0.03357508,0
0.03357508,0
0.01657559,0
0.01657456,0
0.01657307,0
0.01657145,0
0.01657668,0
0.01657668,0
0.03266709,0
0.08286878,0
0.08286878,0
0.08286878,0
0.0331431,0
0.01657629,0
0.01657231,0
0.03314913,0
0.03314337,0
0.03314337,0
0.03314377,0
0.04973118,0
0.01614284,0
0.01699433,0
0.01658527,0
0.01656767,0
0.01656767,0
0.01657089,0
0.03314693,0
0.03314693,0
0.03315503,0
0.01657786,0
0.01657786,0
0.03314469,0
0.03314806,0
0.01657652,0
0.01657411,0
0.01657411,0
0.03314729,0
0.01658302,0
0.01657024,0
0.01657503,0
0.04971973,0
0.04972369,0
0.0662886,0
0.0662886,0
0.1823114,0
0.1823114,0
0.1823114,0
0.1823114,0
0.1823114,0
0.1823114,0
0.1989025,0
0.1989025,0
0.1989025,0
0.1989025,0
0.1989025,0
0.1989025,0
0.1989025,0
0.1988963,0
0.1988963,0
0.1988963,0
0.1988963,0
0.1988963,0
0.1988963,0
0.2154665,0
0.2154665,0
0.2154665,0
0.2154665,0
0.2154665,0
0.2154665,0
0.1823256,0
0.1823256,0
0.1823256,0
0.1823256,0
0.1823256,0
0.1823256,0
0.1491639,0
0.1491639,0
0.1491639,0
0.1491639,0
0.1491639,0
0.2651874,0
0.2651874,0
0.2651874,0
0.2651874,0
0.2651874,0
0.2651874,0
0.1657422,0
0.1657422,0
0.1657422,0
0.04972333,0
0.04972333,0
0.01657212,0
0.01657515,0
0.01657515,0
0.09885516,0
0.09885516,0
0.09885516,0
0.09885516,0
0.09885516,0
0.08288845,0
0.0330953,0
0.0330953,0
0.03312927,0
0.03312927,0
0.03313474,0
0.03313465,0
0.01656798,0
0.01656716,0
0.01656676,0
0.01656783,0
0.01656676,0
0.01656416,0
0.01656416,0
0.01656817,0
0.01656624,0
0.01656637,0
0.01656637,0
0.01656385,0
0.01656884,0
0.01656884,0
0.01695638,0
0.01695638,0
0.04970074,0
0.04970074,0
0.0497436,0
0.0497436,0
0.01657124,0
0.01657668,0
0.01657882,0
0.1657448,0
0.1657448,0
0.1657448,0
0.1657448,0
0.1657448,0
0.1657448,0
0.1657448,0
0.2651938,0
0.2651938,0
0.2651938,0
0.2651938,0
0.2651938,0
0.2651938,0
0.2651938,0
0.2651938,0
0.2651938,0
0.3333333,0
0.3333333,0
0.3333333,0
0.3333333,0
0.3333333,0
0.3333333,0
0.3333333,0
0.3333333,0
0.3333333,0
0.3333333,0
0.3333333,0
0.3333333,0
0.3333333,0
0.3333333,0
0.3333333,0
0.3333333,0
0.3333333,0
0.3333333,0
0.3333333,0
0.3333333,0
0.3333333,0
0.3333333,0
0.3333333,0
0.3333333,0
0.3333333,0
0.3333333,0
0.3333333,0
0.3333333,0
0.3333333,0
0.3333333,0
0.3333333,0
0.3333333,0
0.3333333,0
0.3333333,0
0.3333333,0
0.3333333,0
0.3333333,0
0.3333333,0
0.3333333,0
0.3333333,0
0.3333333,0
0.3333333,0
0.3333333,0
0.3333333,0
0.3333333,0
0.3333333,0
0.3333333,0
0.3333333,0
0.3333333,0
0.3333333,0
0.3333333,0
0.3333333,0
0.3333333,0
0.3333333,0
0.3333333,0
0.3333333,0
0.3333333,0
0.3333333,0
0.3333333,0
0.3333333,0
0.3333333,0
0.3333333,0
0.3333333,0
0.3333333,0
0.3333333,0
0.3333333,0
0.3333333,0
0.3333333,0
0.3333333,0
0.3333333,0
0.3333333,0
0.3333333,0
0.3333333,0
0.3333333,0
0.3333333,0
0.3333333,0
0.3333333,0
0.3333333,0
0.3333333,0
0.3333333,0
0.3333333,0
0.3333333,0
0.3333333,0
0.3333333,0
0.3333333,0
0.3333333,0
0.3333333,0
0.3333333,0
0.3333333,0
0.3333333,0
0.3333333,0
0.3333333,0
0.3333333,0
0.3333333,0
0.3333333,0
0.3333333,0
0.3333333,0
0.3333333,0
0.3333333,0
0.3333333,0
0.3333333,0
0.3333333,1
0.3333333,1
0.3333333,1
0.3333333,1
0.3333333,1
0.3333333,1
0.3333333,1
0.3333333,1
0.3333333,1
0.3333333,1
0.3333333,1
0.3333333,1
0.3333333,1
0.3333333,1
0.3333333,1
0.3333333,1
0.3333333,1
0.3333333,1
0.3333333,1
0.3333333,1
0.3333333,1
0.3333333,1
0.3333333,1
0.3333333,1
0.3333333,1
0.3333333,1
0.3333333,1
0.3333333,1
0.1822996,1
0.1822996,1
0.1822996,1
0.1822996,1
0.1822996,1
0.1325772,1
0.1325772,1
0.1325772,1
0.1325772,1
0.1325772,1
0.1325772,1
0.1325772,1
0.1325772,1
0.1325772,1
0.1325772,1
0.1325772,1
0.1325772,1
0.1325772,1
0.3314377,1
0.3314377,1
0.3314377,1
0.3314377,1
0.3314377,1
0.3314377,1
0.3314377,1
0.3314377,1
0.3314377,1
0.3314377,1
0.3314377,1
0.3314377,1
0.3314377,1
0.3314377,1
0.3314377,1
0.3314377,1
0.3314377,1
0.3314377,1
0.3314377,1
0.3314377,1
0.3314377,1
0.3333333,1
0.3333333,1
0.3333333,1
0.3333333,1
0.3333333,1
0.3333333,1
0.3333333,1
0.3333333,1
0.3333333,1
0.3333333,1
0.3333333,1
0.3333333,1
0.3333333,1
0.3333333,1
0.3333333,1
0.3333333,1
0.3333333,1
0.3333333,1
0.3333333,1
0.3333333,1
0.3333333,1
0.3333333,1
0.3333333,1
0.3333333,1
0.3333333,1
0.3333333,1
0.3333333,1
0.3333333,1
0.3333333,1
0.3333333,1
0.3333333,1
0.3333333,1
0.3333333,1
0.3333333,1
0.3333333,1
0.3333333,1
0.3333333,1
0.3333333,1
0.3333333,1
0.3333333,1
0.3333333,1
0.3333333,1
0.3333333,1
0.3333333,1
0.3333333,1
0.3333333,1
0.3333333,1
0.3333333,1
0.3333333,1
0.3333333,1
0.3333333,1
0.3333333,1
0.3333333,1
0.3333333,1
0.3333333,1
0.3333333,1
0.3333333,1
0.3333333,1
0.3333333,1
0.3333333,1
0.3333333,1
0.3333333,1
0.3333333,1
0.3333333,1
0.3333333,1
0.3333333,1
0.3333333,1
0.3333333,1
0.09769491,1
0.09769491,1
0.09769491,1
0.2329362,1
0.2329362,1
0.06597962,1
0.06597962,1
0.06597962,1
0.06597962,1
0.06597962,1
0.06597962,1
0.1494589,1
0.1494589,1
0.1494589,1
0.1494589,1
0.1494589,1
0.1494589,1
0.1494589,1
0.1494589,1
0.1494589,1
0.1494589,1
0.1494589,1
0.1494589,1
0.3314363,1
0.3314363,1
0.3314363,1
0.3314363,1
0.3314363,1
0.1325749,1
0.1325749,1
0.1325749,1
0.1325749,1
0.1325749,1
0.1325749,1
0.1325749,1
0.1325749,1
0.1325749,1
0.1325749,1
0.1325749,1
0.1325749,1
0.1325749,1
0.1325749,1
0.1325749,1
0.1325749,1
0.1325749,1
0.1325749,0
0.1325749,0
0.1325749,0
0.1325749,0
0.1325749,0
0.01657183,0
0.01657183,0
0.01657183,0
0.01657183,0
0.215439,0
0.215439,0
0.215439,0
0.215439,0
0.215439,0
0.215439,0
0.215439,0
0.215439,0
0.215439,0
0.215439,0
0.215439,0
0.215439,0
0.215439,0
0.215439,0
0.215439,0
0.215439,0
0.215439,0
0.215439,0
0.215439,0
0.215439,0
0.215439,0
0.215439,0
0.3333333,0
0.3333333,0
0.3333333,0
0.3333333,0
0.3333333,0
0.3333333,0
0.3333333,0
0.3333333,0
0.3333333,0
0.3333333,0
0.3333333,0
0.3333333,0
0.3333333,0
0.3333333,0
0.3333333,0
0.3333333,0
0.3333333,0
0.3333333,0
0.3333333,0
0.3333333,0
0.3333333,0
0.3333333,0
0.3333333,0
0.3333333,0
0.3333333,0
0.3333333,0
0.3333333,0
0.3333333,0
0.3333333,0
0.3333333,0
0.3333333,0
0.3333333,0
0.3333333,0
0.3333333,0
0.2145781,0
0.2145781,0
0.03311881,0
0.01655772,0
0.01655772,0
0.01655772,0
0.01655772,0
0.01655772,0
0.01655772,0
0.01655772,0
0.01655772,0
0.3333333,0
0.3333333,0
0.3333333,0
0.3333333,0
0.3333333,0
0.3333333,0
0.3333333,0
0.3333333,0
0.3333333,0
0.3333333,0
0.3333333,0
0.3333333,0
0.3333333,0
0.3333333,0
0.2815002,0
0.2815002,0
0.2815002,0
0.2815002,0
0.2815002,0
0.2815002,0
0.2815002,0
0.2815002,0
0.2815002,0
0.2815002,0
0.2815002,0
0.2815002,0
0.2815002,0
0.2815002,0
0.2815002,0
0.2815002,0
0.2815002,0
0.3333333,0
0.3333333,0
0.3333333,0
0.3333333,0
0.3333333,0
0.3333333,0
0.3333333,0
0.3333333,0
0.1810172,0
0.1810172,0
0.1810172,0
0.1810172,0
0.1810172,0
0.1810172,0
0.1810172,0
0.1810172,0
0.1810172,0
0.1810172,0
0.1810172,0
0.1810172,0
0.1810172,0
0.1810172,0
0.1810172,0
0.1810172,0
0.1810172,0
0.1810172,0
0.1810172,0
0.3333333,0
0.3333333,0
0.3333333,0
0.3333333,0
0.3333333,0
0.3333333,0
0.3333333,0
0.3333333,0
0.3333333,0
0.3333333,0
0.3333333,0
0.3333333,0
0.3333333,0
0.3333333,0
0.3333333,0
0.3333333,0
0.3333333,0
0.3333333,0
0.3333333,0
0.3333333,0
0.3333333,0
0.3333333,0
0.3333333,0
0.3333333,0
0.3333333,0
0.3333333,0
0.3333333,0
0.3333333,0
0.3333333,0
0.3333333,0
0.3333333,0
0.3333333,0
0.3333333,0
0.3333333,0
0.3333333,0
0.3333333,0
0.3333333,0
0.3333333,0
0.3333333,0
0.3333333,0
0.3333333,0
0.3333333,0
0.3333333,0
0.3333333,0
0.3333333,0
0.3333333,0
0.3333333,0
0.3333333,0
0.3333333,0
0.3333333,0
0.3333333,0
0.3333333,0
0.3333333,0
0.3333333,0
0.3333333,0
0.3333333,0
0.3333333,0
0.3333333,0
0.3333333,0
0.3333333,0
0.3333333,0
0.3333333,0
0.3333333,0
0.3333333,0
0.3333333,0
0.3333333,0
0.3333333,0
0.3333333,0
0.3333333,0
0.3333333,0
0.3333333,0
0.3333333,0
0.3333333,0
0.3333333,0
0.3333333,0
0.3333333,0
0.3333333,0
0.3333333,0
0.3333333,0
0.3333333,0
0.3333333,0
0.3333333,0
0.3333333,0
0.3333333,0
0.3333333,0
0.3333333,0
0.3333333,0
0.3333333,0
0.3333333,0
0.3333333,0
0.3333333,0
0.3333333,0
0.3333333,0
0.3333333,0
0.3333333,0
0.3333333,0
0.3333333,0
0.215508,0
0.215508,0
0.215508,0
0.215508,0
0.215508,0
0.215508,0
0.215508,0
0.215508,0
0.215508,0
0.215508,0
0.215508,0
0.215508,0
0.198932,0
0.198932,0
0.198932,0
0.198932,0
0.198932,0
0.1492056,0
0.1492056,0
0.1492056,0
0.1492056,0
0.06630865,0
0.01657993,0
0.01657742,0
0.01657742,0
0.0165772,0
0.03311826,0
0.03311826,0
0.03311826,0
0.03311826,0
0.03311826,0
0.03311826,0
0.03311826,0
0.03311826,0
0.03311826,0
0.03311826,0
0.03311826,0
0.03311826,0
0.03311826,0
0.03311826,0
0.03311826,0
0.03311826,0
0.03311826,0
0.03311826,0
0.03311826,0
0.03311826,0
0.03311826,0
0.3333333,0
0.3333333,0
0.3333333,0
0.3333333,0
0.3333333,0
0.3333333,0
0.3333333,0
0.3333333,0
0.3333333,0
0.3333333,0
0.3333333,0
0.3333333,0
0.3333333,1
0.3333333,1
0.3333333,1
0.3333333,1
0.01657194,1
0.01657194,1
0.01657194,1
0.01657194,1
0.01657194,1
0.04972284,1
0.04972284,1
0.04972284,1
0.04971585,1
0.04971585,1
0.04972019,1
0.04972019,1
0.04972019,1
0.04972019,1
0.04972019,1
0.04972019,1
0.04972019,1
0.0828595,1
0.0828595,1
0.0828595,1
0.04971833,1
0.06628016,1
0.06628016,1
0.06628016,1
0.06628016,1
0.06628016,1
0.06628016,1
0.06628016,1
0.06628016,1
0.1657282,1
0.1657282,1
0.1657282,1
0.1657282,1
0.1657282,1
0.1657282,1
0.1657282,1
0.1330379,1
0.1330379,1
0.1330379,1
0.1330379,1
0.1330379,1
0.1330379,1
0.06633536,1
0.06633536,1
0.06633536,1
0.06633536,1
0.06633536,1
0.06633536,1
0.06633536,1
0.1160489,1
0.1160489,1
0.1160489,1
0.04973187,1
0.04973187,1
0.04973187,1
0.1160376,1
0.1160376,1
0.03315895,1
0.01656912,1
0.01656912,1
0.0663193,1
0.03315506,1
0.03315506,1
0.04973241,1
0.04973241,1
0.03315584,1
0.03315584,1
0.01658943,1
0.03315431,1
0.03315431,1
0.04973207,1
0.04973207,1
0.0165741,1
0.04973451,1
0.04973451,1
0.04973272,1
0.04973272,1
0.04973285,1
0.01635387,1
0.01635387,1
0.03315677,1
0.01658336,1
0.0165755,1
0.01658505,1
0.01658505,1
0.03315312,1
0.03315312,1
0.04973078,1
0.08288965,1
0.08288965,1
0.03314916,1
0.03314916,1
0.03316077,1
0.03315817,1
0.03315817,1
0.09946164,1
0.09946164,1
0.09946164,1
0.08289122,1
0.08289122,1
0.06630938,1
0.06630938,1
0.03316367,1
0.01658485,1
0.01658002,1
0.01657514,1
0.01670135,1
0.01670135,1
0.0331519,1
0.03315258,1
0.03315258,1
0.04973263,1
0.04973245,1
0.03315646,1
0.01657992,1
0.03315287,1
0.01657688,1
0.01657852,1
0.0165744,1
0.04973003,1
0.04973003,1
0.1160489,1
0.1160489,1
0.1160489,1
0.1160489,1
0.1160489,1
0.09946612,1
0.09946612,1
0.09946612,1
0.04973063,1
0.04973476,1
0.04973476,1
0.04973367,1
0.03315016,1
0.03315016,1
0.01657782,1
0.03315441,0
0.03315431,0
0.03315431,0
0.03315723,0
0.03315723,0
0.03315316,0
0.01657746,0
0.01657746,0
0.01662836,0
0.01657439,0
0.01658125,0
0.01658208,0
0.01658037,0
0.03316035,0
0.0165822,0
0.01657909,0
0.01658243,0
0.01657842,0
0.01658428,0
0.01657848,0
0.01657848,0
0.01657761,0
0.01658437,0
0.01673253,0
0.0165794,0
0.01658349,0
0.01658317,0
0.01658253,0
0.01658519,0
0.01658692,0
0.01658369,0
0.0165855,0
0.01658422,0
0.01658422,0
0.03317066,0
0.0165729,0
0.0165729,0
0.03316753,0
0.03316753,0
0.01659198,0
0.06632884,0
0.06632884,0
0.06634372,0
0.01658482,0
0.01658482,0
0.04975569,0
0.04975569,0
0.03316683,0
0.08292693,0
0.08292693,0
0.08292693,0
0.03316942,0
0.04975301,0
0.03317399,0
0.03317399,0
0.03316838,0
0.03316838,0
0.03317218,0
0.03317218,0
0.01658204,0
0.03317111,0
0.0165839,0
0.04975647,0
0.04975647,0
0.03316643,0
0.03316643,0
0.04975705,0
0.04975705,0
0.0165835,0
0.0165835,0
0.01658305,0
0.01658374,0
0.01658374,0
0.04975358,0
0.04975358,0
0.03316303,0
0.03317315,0
0.03317315,0
0.04975595,0
0.09951244,0
0.09951244,0
0.09951244,0
0.09951244,0
0.04975326,0
0.04975326,0
0.04976171,0
0.0165876,0
0.01658593,0
0.01658637,0
0.01658637,0
0.04974843,0
0.03317041,0
0.03317041,0
0.01659044,0
0.01658486,0
0.01658486,0
0.03316247,0
0.06634603,0
0.06634603,0
0.01658516,0
0.01658516,0
0.01650422,0
0.01665629,0
0.0165826,0
0.0165826,0
0.01658179,0
0.01658179,0
0.04975772,0
0.04975275,0
0.04975275,0
0.04975399,0
0.04975399,0
0.1824354,0
0.1824354,0
0.1824354,0
0.1824354,0
0.1824354,0
0.1824354,0
0.1824354,0
0.3151094,0
0.3151094,0
0.3151094,0
0.3151094,0
0.3151094,0
0.3151094,0
0.3151094,0
0.3151094,0
0.3151094,0
0.3151094,0
0.1990254,0
0.1990254,0
0.1990254,0
0.1990254,0
0.1990254,0
0.08293395,0
0.08293395,0
0.08293395,0
0.0489332,0
0.0489332,0
0.04934895,0
0.05012554,0
0.05012554,0
0.1157439,0
0.1157439,0
0.1157439,0
0.1157439,0
0.1157439,0
0.09976508,0
0.09976508,0
0.09976508,0
0.04973326,0
0.04973326,0
0.03315596,0
0.01629224,0
0.03344323,0
0.03344323,0
0.01669733,0
0.01663319,0
0.01663319,0
0.03332355,0
0.04973413,0
0.04973413,0
0.06630719,0
0.06630719,0
0.06630719,0
0.01657536,0
0.03316066,0
0.03314059,0
0.01657818,0
0.03315538,0
0.03315383,0
0.0331537,0
0.0331537,0
0.06630577,0
0.06630577,0
0.03315729,0
0.01657888,0
0.04973074,0
0.04973074,0
0.03315422,0
0.04973652,0
0.04973652,0
0.01657651,0
0.01657925,0
0.01657525,0
0.01657697,0
0.04973184,0
0.04973184,0
0.04973305,0
0.01657585,0
0.01657585,0
0.01657725,0
0.01657725,0
0.06631088,0
0.03315096,0
0.01657715,0
0.04973288,0
0.04973288,0
0.04973288,0
0.04973288,0
0.1326166,0
0.1326166,0
0.1326166,0
0.1326166,0
0.1326285,0
0.1326285,0
0.1326285,0
0.06630629,0
0.06630629,0
0.06630629,0
0.06631313,0
0.06631313,0
0.08325996,0
0.08325996,0
0.08325996,0
0.08291002,0
0.08291002,0
0.08291002,0
0.06631467,0
0.06631467,0
0.04974012,0
0.03315281,0
0.03315281,0
0.04973752,0
0.04973752,0
0.09948165,0
0.04973607,0
0.04973607,0
0.04973607,0
0.1160539,0
0.1160539,0
0.1160539,0
0.1160539,0
0.3333333,0
0.3333333,0
0.3333333,0
0.3333333,0
0.3333333,0
0.3333333,0
0.1989449,0
0.1989449,0
0.1989449,0
0.1989449,0
0.1989449,0
0.1989449,0
0.1989449,0
0.1989449,0
0.1989449,0
0.1989449,0
0.3333333,0
0.3333333,0
0.3333333,0
0.3333333,0
0.3333333,0
0.3333333,0
0.3333333,0
0.3333333,0
0.3333333,0
0.3333333,0
0.3333333,0
0.3333333,1
0.3333333,1
0.3333333,1
0.3333333,1
0.3333333,1
0.3333333,1
0.3333333,1
0.3333333,1
0.3333333,1
0.3333333,1
0.3333333,1
0.3333333,1
0.3333333,1
0.3333333,1
0.3333333,1
0.3333333,1
0.3333333,1
0.3333333,1
0.3333333,1
0.3333333,1
0.3333333,1
0.3333333,1
0.3333333,1
0.3333333,1
0.3333333,1
0.3333333,1
0.3333333,1
0.3333333,1
0.3333333,1
0.3333333,1
0.3333333,1
0.3333333,1
0.3333333,1
0.3333333,1
0.3333333,1
0.3333333,1
0.3333333,1
0.3333333,1
0.3333333,1
0.3333333,1
0.3333333,1
0.3333333,1
0.3333333,1
0.3333333,1
0.3333333,1
0.3333333,1
0.3333333,1
0.3333333,1
0.3333333,1
0.3333333,1
0.3333333,1
0.3333333,1
0.3333333,1
0.1160545,1
0.1160545,1
0.1160545,1
0.04973439,1
0.04973439,1
0.09947339,1
0.09947339,1
0.09947339,1
0.09947339,1
0.06632087,1
0.06632087,1
0.01657732,1
0.01657732,1
0.03315736,1
0.03315736,1
0.01629591,1
0.01629591,1
0.01629591,1
0.01629591,1
0.1329078,1
0.1329078,1
0.1329078,1
0.1329078,1
0.1329078,1
0.1329078,1
0.1329078,1
0.1329078,1
0.1329078,1
0.1329078,1
0.1329078,1
0.1329078,1
0.1329078,1
0.1329078,1
0.1329078,1
0.3333333,1
0.3333333,1
0.3333333,1
0.3333333,1
0.3333333,1
0.3333333,1
0.3333333,1
0.3333333,1
0.3333333,1
0.3333333,1
0.3333333,1
0.3333333,1
0.3333333,1
0.3333333,1
0.3333333,1
0.3333333,1
0.3333333,1
0.3333333,1
0.3333333,1
0.3333333,1
0.3333333,1
0.3333333,1
0.3333333,1
0.3333333,1
0.3333333,1
0.1160507,1
0.1160507,1
0.1160507,1
0.1160507,1
0.1658007,1
0.1658007,1
0.1658007,1
0.1658007,1
0.08289059,1
0.08289059,1
0.08289059,1
0.0821429,1
0.0821429,1
0.0821429,1
0.06633044,1
0.06633044,1
0.03315516,1
0.04973605,1
0.04973605,1
0.03315568,1
0.03315534,1
0.03315642,1
0.03315642,1
0.08289471,1
0.08289471,1
0.1160212,1
0.1160212,1
0.1160212,1
0.1823509,1
0.1823509,1
0.1823509,1
0.1823509,1
0.1823509,1
0.06633691,1
0.06633691,1
0.0331532,1
0.0331532,1
0.03306053,1
0.01667443,0
0.04973041,0
0.04973041,0
0.09946681,0
0.09946681,0
0.09946681,0
0.0828921,0
0.0828921,0
0.0828921,0
0.09946632,0
0.09946632,0
0.09946632,0
0.09946632,0
0.1823511,0
0.1823511,0
0.1823511,0
0.1823511,0
0.1823633,0
0.1823633,0
0.1823633,0
0.1823633,0
0.1823633,0
0.1160425,0
0.1160425,0
0.1160425,0
0.06631342,0
0.06631342,0
0.03314351,0
0.0165789,0
0.01657819,0
0.01657695,0
0.01657721,0
0.01657842,0
0.01657565,0
0.01657983,0
0.01657634,0
0.01657994,0
0.01657808,0
0.01658002,0
0.01658002,0
0.01658135,0
0.01658479,0
0.09946381,0
0.09946381,0
0.09946381,0
0.03315449,0
0.03315449,0
0.01657461,0
0.01657574,0
0.016575,0
0.01658019,0
0.01657582,0
0.0165753,0
0.01657896,0
0.01657521,0
0.0165766,0
0.01658096,0
0.01657693,0
0.01658013,0
0.03315303,0
0.003137618,0
0.003137618,0
0.01657866,0
0.01657866,0
0.04973054,0
0.03315445,0
0.01657546,0
0.01657753,0
0.01658055,0
0.01658055,0
0.1160485,0
0.1160485,0
0.06631848,0
0.01657491,0
0.01657491,0
0.01657491,0
0.09947323,0
0.09947323,0
0.09947323,0
0.09946946,0
0.09946946,0
0.06631698,0
0.01657912,0
0.01657912,0
0.05027411,0
0.06630917,0
0.03315742,0
0.04973634,0
0.04973634,0
0.04973634,0
0.04973634,0
0.01658007,0
0.03314462,0
0.016333,0
0.03340843,0
0.03340843,0
0.1486971,0
0.1486971,0
0.06631675,0
0.06631675,0
0.06629753,0
0.0331597,0
0.0331597,0
0.0331597,0
0.04972613,0
0.01657367,0
0.01657367,0
0.03315652,0
0.01657357,0
0.03314923,0
0.03314923,0
0.01628488,0
0.01628488,0
0.08318722,0
0.08318722,0
0.04973035,0
0.04973035,0
0.08288295,0
0.04973413,0
0.04973413,0
0.0497317,0
0.0497317,0
0.0994646,0
0.0994646,0
0.0994646,0
0.0994646,0
0.03315389,0
0.01657941,0
0.01657831,0
0.0165768,0
0.01657959,0
0.01657574,0
0.01657574,0
0.03315018,0
0.01657754,0
0.0165778,0
0.01657862,0
0.01657862,0
0.01657862,0
0.01657862,0
0.1657732,0
0.1657732,0
0.01627691,0
0.01657925,0
0.01657925,0
0.01657415,0
0.01657766,0
0.01657442,0
0.01657442,0
0.01657442,0
0.01657432,0
0.01657432,0
0.01657432,0
0.01657432,0
0.01657432,0
0.08287881,0
0.08287881,0
0.08287881,0
0.04973621,0
0.04973621,0
0.04973533,0
0.04973533,0
0.03315339,0
0.03315339,0
0.03298695,0
0.01658366,0
0.01658366,0
0.04972982,0
0.04972982,0
0.03315288,0
0.01657542,0
0.01657542,0
0.01657117,0
0.01657117,0
0.08289088,0
0.08289088,0
0.08289088,0
0.04972489,0
0.0165776,0
0.01655916,0
0.01659461,0
0.01657645,0
0.01657751,0
0.01647983,0
0.01647983,0
0.01657884,0
0.01657665,0
0.01657644,0
0.01656704,0
0.01655258,0
0.04975484,0
0.04975484,0
0.03315086,0
0.03314164,0
0.03314164,0
0.03316596,0
0.01657078,0
0.01657078,0
0.01668206,0
0.08288727,0
0.08288727,0
0.08288727,0
0.08288841,0
0.08288841,0
0.04972655,0
0.04972655,0
0.04972655,0
0.04972655,0
0.08266281,0
0.03338162,0
0.03338162,0
0.03338162,0
0.06630839,0
0.0331534,0
0.08288736,0
0.08288736,0
0.08288736,0
0.08288736,0
0.09892701,0
0.09892701,0
0.09892701,1
0.1160213,1
0.1160213,1
0.03314346,1
0.03314346,1
0.03314346,1
0.03314346,1
0.1657296,1
0.1657296,1
0.1657296,1
0.1657296,1
0.1657296,1
0.09943662,1
0.04956146,1
0.04956146,1
0.09959068,1
0.09959068,1
0.09959068,1
0.09959068,1
0.09959068,1
0.149146,1
0.149146,1
0.149146,1
0.149146,1
0.149146,1
0.1160122,1
0.1160122,1
0.1160122,1
0.1160122,1
0.1657281,1
0.1657281,1
0.1657281,1
0.1657281,1
0.1657281,1
0.1160104,1
0.1160104,1
0.04971895,1
0.04971895,1
0.04971895,1
0.06672796,1
0.06672796,1
0.06672796,1
0.08291783,1
0.08291783,1
0.03315668,1
0.08288956,1
0.08288956,1
0.08288932,1
0.08288932,1
0.03315652,1
0.03315652,1
0.03315652,1
0.1823486,1
0.1823486,1
0.1823486,1
0.1823486,1
0.06629476,1
0.06629476,1
0.06629476,1
0.04975244,1
0.03315554,1
0.03315554,1
0.04866247,1
0.08396243,1
0.08396243,1
0.01658056,1
0.03315015,1
0.01657927,1
0.01657927,1
0.01657654,1
0.04973461,1
0.04973461,1
0.03298772,1
0.03315848,1
0.03315848,1
0.08288426,1
0.04973621,1
0.04973621,1
0.03314029,1
0.03314029,1
0.03316856,1
0.01657811,1
0.03315738,1
0.03315738,1
0.04973624,1
0.01658081,1
0.0165768,1
0.03287708,1
0.03287708,1
0.03343575,1
0.03314463,1
0.03318702,1
0.03314978,1
0.03314978,1
0.03315387,1
0.03318067,1
0.03318067,1
0.04973534,1
0.04973534,1
0.1657679,1
0.1657679,1
0.1657679,1
0.1657679,1
0.1657679,1
0.1657679,1
0.2486862,1
0.2486862,1
0.2486862,1
0.2486862,1
0.08288925,1
0.08288925,0
0.08288925,0
0.08288925,0
0.01657618,0
0.01657737,0
0.03330677,0
0.03330677,0
0.06631274,0
0.06631274,0
0.06631274,0
0.06631183,0
0.06631183,0
0.08288477,0
0.03316037,0
0.04974079,0
0.04974079,0
0.04973201,0
0.03315731,0
0.03315731,0
0.04973369,0
0.04973369,0
0.01657795,0
0.01657795,0
0.08193899,0
0.08193899,0
0.08193899,0
0.1169994,0
0.04973933,0
0.04973933,0
0.04973933,0
0.04973933,0
0.1160431,0
0.1160431,0
0.1160431,0
0.1657819,0
0.1657819,0
0.1657819,0
0.1657819,0
0.1657819,0
0.1326292,0
0.1326292,0
0.06631187,0
0.06631187,0
0.06631187,0
0.06631187,0
0.06631187,0
0.1491999,0
0.1491999,0
0.06631426,0
0.06631426,0
0.06631426,0
0.06631426,0
0.09946984,0
0.04973945,0
0.04973945,0
0.01657837,0
0.03315507,0
0.03315507,0
0.2492054,0
0.2492054,0
0.2492054,0
0.2492054,0
0.2492054,0
0.2492054,0
0.2492054,0
0.2492054,0
0.1658987,0
0.1658987,0
0.04976909,0
0.04976909,0
0.04976909,0
0.04976909,0
0.04976909,0
0.04976909,0
0.1161246,0
0.1161246,0
0.1161246,0
0.09953874,0
0.09953874,0
0.09953874,0
0.04976456,0
0.04976456,0
0.03317584,0
0.03317584,0
0.01659024,0
0.01599576,0
0.01599576,0
0.01653435,0
0.0165822,0
0.03315907,0
0.03315907,0
0.03249812,0
0.03249812,0
0.05040223,0
0.05040223,0
0.0663169,0
0.0663169,0
0.06631691,0
0.06631691,0
0.0828978,0
0.0828978,0
0.06632386,0
0.06632386,0
0.1823758,0
0.1823758,0
0.1823758,0
0.1823758,0
0.1823758,0
0.1823758,0
0.1823818,0
0.1823818,0
0.1823818,0
0.1823818,0
0.1823818,0
0.1823818,0
0.2818554,0
0.2818554,0
0.2818554,0
0.2818554,0
0.2818554,0
0.2818554,0
0.2818554,0
0.2818554,0
0.2818554,0
0.2818554,0
0.3333333,0
0.3333333,0
0.3333333,0
0.3333333,0
0.3333333,0
0.3333333,0
0.3333333,0
0.3333333,0
0.3333333,0
0.1823935,0
0.1823935,0
0.1823935,0
0.1823935,0
0.09948219,0
0.03315913,0
0.016583,0
0.016583,0
0.0497384,0
0.0497384,0
0.01658036,0
0.01658036,0
0.01657938,0
0.01657938,0
0.1326404,0
0.1326404,0
0.1326404,0
0.1326404,0
0.1326404,0
0.06632684,0
0.03316168,0
0.03316168,0
0.03316131,0
0.03316131,0
0.03315577,0
0.01657958,0
0.01657958,0
0.04974414,0
0.0497353,0
0.0165807,0
0.03316017,0
0.03316017,0
0.1160617,0
0.1160617,0
0.1160617,0
0.1160617,0
0.3333333,0
0.3333333,0
0.3333333,0
0.3333333,0
0.3333333,0
0.3333333,0
0.3333333,0
0.3333333,0
0.3333333,0
0.3333333,0
0.3333333,0
0.3333333,0
0.3333333,0
0.3333333,0
0.3333333,0
0.2818532,0
0.2818532,0
0.2818532,0
0.2818532,0
0.2818532,0
0.2818532,0
0.2818532,0
0.2818532,0
0.2818532,0
0.2818532,0
0.3150225,0
0.3150225,0
0.3150225,0
0.3150225,0
0.3150225,0
0.3150225,0
0.3150225,0
0.3150225,0
0.3150225,0
0.3150225,0
0.3150225,0
0.3150225,0
0.1989569,0
0.1989569,0
0.1989569,0
0.1989569,0
0.1989569,0
0.1989569,0
0.1989569,0
0.1989569,0
0.2321234,0
0.2321234,0
0.2321234,0
0.2321234,0
0.2321234,0
0.2321234,0
0.2321234,0
0.2321234,0
0.2321234,0
0.1657996,0
0.1657996,0
0.1657996,0
0.1657996,0
0.0829007,0
0.0829007,0
0.0829007,0
0.0994803,0
0.0994803,0
0.0994803,0
0.0994803,0
0.03316098,0
0.04974578,0
0.04974578,0
0.0165788,0
0.01657624,0
0.01657624,0
0.01657808,0
0.0331579,0
0.01658251,0
0.01658251,0
0.0165803,0
0.01658121,0
0.01657771,0
0.01658063,0
0.01658093,0
0.04973177,0
0.04973177,0
0.1993309,0
0.1993309,0
0.1993309,0
0.1993309,0
0.1993309,0
0.1993309,0
0.1993309,0
0.1492142,0
0.1492142,0
0.1492142,0
0.1492142,0
0.08289793,0
0.08289793,0
0.08289793,0
0.04974119,0
0.01657964,0
0.01657964,0
0.01657571,0
0.01657571,1
0.04973571,1
0.04973571,1
0.09947277,1
0.09947277,1
0.04974014,1
0.04974014,1
0.06631922,1
0.06631922,1
0.03315886,1
0.03315934,1
0.01658105,1
0.01658105,1
0.01634304,1
0.01657965,1
0.01657848,1
0.0165875,1
0.01657329,1
0.01658341,1
0.01658038,1
0.01657909,1
0.08289517,1
0.08289517,1
0.08289517,1
0.01658081,1
0.01658081,1
0.01657779,1
0.01657779,1
0.03315491,1
0.01658019,1
0.01658019,1
0.01657636,1
0.01658433,1
0.01658433,1
0.01657951,1
0.01658038,1
0.01657443,1
0.01657443,1
0.01658592,1
0.01657535,1
0.01657535,1
0.06631254,1
0.06631254,1
0.06631254,1
0.06631254,1
0.04974149,1
0.01657579,1
0.01657579,1
0.01657962,1
0.01657962,1
0.03315901,1
0.06631558,1
0.06631558,1
0.03315751,1
0.03315751,1
0.01669046,1
0.01669046,1
0.01658021,1
0.01658021,1
0.01658031,1
0.06631678,1
0.06631678,1
0.03315901,1
0.03315901,1
0.01657778,1
0.03316012,1
0.01657912,1
0.01658156,1
0.01658156,1
0.01658016,1
0.01658016,1
0.01657688,1
0.03315601,1
0.03315601,1
0.01663721,1
0.01659556,1
0.01658381,1
0.01658381,1
0.01658823,1
0.06635862,1
0.06635862,1
0.06635862,1
0.06635862,1
0.08294833,1
0.08294833,1
0.08294833,1
0.04977232,1
0.04977232,1
0.06636256,1
0.06636256,1
0.06635645,1
0.06635645,1
0.06635645,1
0.1327347,1
0.1327347,1
0.1327347,1
0.1327347,1
0.1327347,1
0.1658393,1
0.1658393,1
0.1658393,1
0.03318221,1
0.03318221,1
0.016587,1
0.016587,1
0.0165896,1
0.01659071,1
0.01659163,1
0.01658638,1
0.01658638,1
0.01659032,1
0.01658982,1
0.01658982,1
0.01659016,1
0.03317831,1
0.03317831,1
0.01658574,1
0.1161198,1
0.1161198,1
0.1161198,1
0.06635943,1
0.06635943,1
0.0165866,1
0.0165866,1
0.04976999,1
0.04976999,1
0.04976999,1
0.04975973,1
0.04976412,1
0.04976412,1
0.09953255,0
0.09953255,0
0.04976914,0
0.04976914,0
0.1492871,0
0.1492871,0
0.1492871,0
0.1492871,0
0.08295752,0
0.03317085,0
0.03317868,0
0.0331838,0
0.0165821,0
0.03317612,0
0.03317612,0
0.04975826,0
0.04975826,0
0.01658483,0
0.01658483,0
0.01658568,0
0.01658568,0
0.03317715,0
0.03317715,0
0.0995276,0
0.0995276,0
0.0995276,0
0.03317811,0
0.01658845,0
0.01658845,0
0.01658058,0
0.01658058,0
0.01658684,0
0.03317263,0
0.03317263,0
0.01658463,0
0.01671983,0
0.01671983,0
0.04977305,0
0.04976267,0
0.04976267,0
0.1327059,0
0.1327059,0
0.1327059,0
0.0663517,0
0.0663517,0
0.0165907,0
0.0165907,0
0.0331724,0
0.01659101,0
0.01659101,0
0.04976404,0
0.04976157,0
0.04976157,0
0.04976157,0
0.09953378,0
0.09953378,0
0.09953378,0
0.1492942,0
0.1492942,0
0.1492942,0
0.1492942,0
0.06634972,0
0.01658817,0
0.01658817,0
0.01658633,0
0.01658886,0
0.01658926,0
0.01658926,0
0.03317657,0
0.04976268,0
0.04976268,0
0.01658976,0
0.01658935,0
0.01659677,0
0.01659677,0
0.08293757,0
0.08293757,0
0.0497602,0
0.01659085,0
0.01652458,0
0.04983002,0
0.04983002,0
0.03316915,0
0.03317967,0
0.01658229,0
0.066353,0
0.066353,0
0.066353,0
0.06635662,0
0.04976298,0
0.04976298,0
0.1327067,0
0.1327067,0
0.1327067,0
0.06635035,0
0.06635035,0
0.0662606,0
0.0662606,0
0.03326639,0
0.03326639,0
0.06635396,0
0.0331767,0
0.01658909,0
0.01642342,0
0.01642342,0
0.01658438,0
0.01658438,0
0.03317558,0
0.0829393,0
0.0829393,0
0.0829393,0
0.0829393,0
0.03317221,0
0.01658916,0
0.01658916,0
0.01658971,0
0.01658288,0
0.01658288,0
0.01658301,0
0.03318534,0
0.01658106,0
0.01658838,0
0.01658838,0
0.01631247,0
0.01686789,0
0.1161105,0
0.1161105,0
0.1161105,0
0.01658553,0
0.03317562,0
0.03317562,0
0.04976079,0
0.04976079,0
0.04976208,0
0.04976208,0
0.04976208,0
0.09952871,0
0.09952871,0
0.09952871,0
0.04976376,0
0.04976376,0
0.03317347,0
0.1492908,0
0.1492908,0
0.1492908,0
0.1492908,0
0.1492908,0
0.06628694,0
0.06628694,0
0.06628694,0
0.04982507,0
0.03317758,0
0.03317758,0
0.03317546,0
0.01658444,0
0.01658689,0
0.01658689,0
0.0166401,0
0.04976315,0
0.04976315,0
0.03277588,0
0.01658809,0
0.01658809,0
0.03317,0
0.03317294,0
0.01658849,0
0.03317372,0
0.03317372,0
0.0497591,0
0.03318055,0
0.01659013,0
0.0165874,0
0.01658386,0
0.01658386,0
0.0497599,0
0.04976163,0
0.01658792,0
0.01658792,0
0.0165865,0
0.01658994,0
0.01697134,0
0.01659906,0
0.01659906,0
0.016599,0
0.016599,0
0.01660025,0
0.01659857,0
0.01659957,0
0.01641962,0
0.01677505,0
0.01659735,0
0.04979672,0
0.04979672,0
0.01660464,0
0.01659988,0
0.01659859,0
0.01660236,0
0.01659715,0
0.01660425,0
0.01660324,0
0.01659368,0
0.01659818,0
0.01659988,0
0.01660211,0
0.01660211,0
0.01659601,0
0.01660533,0
0.132093,0
0.132093,0
0.132093,0
0.06656113,0
0.06656113,0
0.06656113,0
0.04977538,0
0.04977538,0
0.04978316,0
0.04978316,0
0.03318807,0
0.03318559,0
0.03318711,0
0.03318711,0
0.04977848,0
0.03318531,0
0.03318531,0
0.1161527,0
0.1161527,0
0.1161527,0
0.1161527,0
0.08297208,0
0.08297208,0
0.08297208,0
0.04977462,0
0.04977462,0
0.03318303,0
0.03318992,0
0.03318992,0
0.01630155,0
0.01630155,0
0.03347101,0
0.08296657,0
0.08296657,0
0.03318602,0
0.03318602,0
0.03317525,0
0.03318748,0
0.01659418,0
0.01659709,0
0.01659304,0
0.0165919,0
0.01659557,0
0.01659195,0
0.01659383,0
0.01659383,0
0.0165895,0
0.0168148,0
0.01659105,0
0.06637342,0
0.06637342,0
0.06637342,0
0.04977826,0
0.03318853,0
0.01658725,0
0.01658725,0
0.01659311,0
0.03318444,0
0.01659167,0
0.01659239,0
0.01659092,0
0.01659092,0
0.01659517,0
0.01659517,0
0.04978096,0
0.04978096,0
0.09956222,0
0.09956222,0
0.01659609,0
0.0165737,0
0.01658395,0
0.01658458,0
0.01657662,0
0.01657862,1
0.01657862,1
0.0165769,1
0.01657661,1
0.0165807,1
0.0165807,1
0.01657978,1
0.01657856,1
0.01657856,1
0.08289834,1
0.08289834,1
0.08289834,1
0.0663266,1
0.0663266,1
0.0663266,1
0.01657479,1
0.0165817,1
0.01657931,1
0.01657931,1
0.01658024,1
0.01657867,1
0.01657867,1
0.01648277,1
0.0165781,1
0.0165781,1
0.01658607,1
0.01658607,1
0.01657999,1
0.01657976,1
0.01658005,1
0.01658005,1
0.01658076,1
0.01715823,1
0.01715823,1
0.01657628,1
0.01695606,1
0.01658098,1
0.01658098,1
0.016591,1
0.01659723,1
0.01658804,1
0.01659445,1
0.01659445,1
0.04976945,1
0.03317888,1
0.03317888,1
0.04976529,1
0.01659005,1
0.01659337,1
0.01658938,1
0.0165893,1
0.0165893,1
0.01659137,1
0.01659116,1
0.01659289,1
0.01659289,1
0.04976558,1
0.01659195,1
0.01659195,1
0.03318007,1
0.01659196,1
0.01659033,1
0.0165888,1
0.01658871,1
0.01658916,1
0.01658916,1
0.01658898,1
0.01658899,1
0.01658899,1
0.01659068,1
0.01658567,1
0.01659278,1
0.01658986,1
0.01658986,1
0.01658763,1
0.01659084,1
0.01659084,1
0.0165878,1
0.01658753,1
0.01658848,1
0.01658731,1
0.01658476,1
0.01659002,1
0.01659002,1
0.01658966,1
0.01658634,1
0.01658701,1
0.01658982,1
0.0165915,1
0.0165915,1
0.03317704,0
0.03317704,0
0.04976692,0
0.01658741,0
0.01658741,0
0.04962831,0
0.0165905,0
0.01658799,0
0.01659054,0
0.01659054,0
0.01658644,0
0.04974993,0
0.04974993,0
0.04974993,0
0.03316422,0
0.01658065,0
0.01658065,0
0.01683371,0
0.01683371,0
0.01658266,0
0.01658314,0
0.01658314,0
0.01658167,0
0.01658143,0
0.01658143,0
0.01658822,0
0.01658129,0
0.01658584,0
0.01658064,0
0.03316429,0
0.03316773,0
0.01658418,0
0.01658418,0
0.01658219,0
0.01658219,0
0.01658486,0
0.01658214,0
0.01658453,0
0.01658453,0
0.01658475,0
0.01657794,0
0.01658618,0
0.01658618,0
0.01658284,0
0.01658556,0
0.01681591,0
0.01658515,0
0.01657954,0
0.01658319,0
0.01658268,0
0.01658257,0
0.01658257,0
0.01658551,0
0.0165846,0
0.0165817,0
0.01658154,0
0.01658554,0
0.01658156,0
0.01658295,0
0.01658295,0
0.01658255,0
0.01658255,0
0.01658672,0
0.01658672,0
0.01657938,0
0.01658192,0
0.01658363,0
0.01658346,0
0.01658108,0
0.01658108,0
0.03316467,0
0.03316388,0
0.01658788,0
0.01658788,0
0.01658507,0
0.01658368,0
0.01658184,0
0.01659055,0
0.01658562,0
0.01658279,0
0.01645225,0
0.03316581,0
0.04976096,0
0.04976096,0
0.0331679,0
0.0165835,0
0.01658411,0
0.01658411,0
0.01658218,0
0.01658495,0
0.01658344,0
0.0165831,0
0.01658546,0
0.01658221,0
0.01658215,0
0.01658215,0
0.01657936,0
0.01658546,0
0.01658215,0
0.01658215,0
0.01658684,0
0.01658357,0
0.01658114,0
0.04975604,0
0.01658494,0
0.01658494,0
0.01659634,0
0.01659634,0
0.01659801,0
0.01659801,0
0.0165936,0
0.03319153,0
0.03319153,0
0.04978969,0
0.04978969,0
0.01659801,0
0.01659661,0
0.01659661,0
0.01659298,0
0.01659555,0
0.01659555,0
0.01659673,0
0.01659575,0
0.01659505,0
0.01658913,0
0.01658913,0
0.01659166,0
0.01659397,0
0.01659397,0
0.01659721,0
0.01659721,0
0.01659652,0
0.01659652,0
0.01659638,0
0.01659576,0
0.01659576,0
0.01659486,0
0.01659486,0
0.01659549,0
0.01659516,0
0.01659439,0
0.01657082,0
0.01682661,0
0.01682661,0
0.01658762,0
0.01658762,0
0.0165859,0
0.01659116,0
0.0165891,0
0.08275024,0
0.08275024,0
0.08275024,0
0.08275024,0
0.04994909,0
0.04976304,0
0.04976304,0
0.01658773,0
0.01658827,0
0.01658827,0
0.01659046,0
0.0165888,0
0.01658166,0
0.01658606,0
0.01658606,0
0.01658487,0
0.01658487,0
0.01658653,0
0.01658685,0
0.01658685,0
0.01658274,0
0.01658911,0
0.01658832,0
0.01658766,0
0.01658913,0
0.01658734,0
0.01658734,0
0.01659168,0
0.01658636,0
0.01658636,0
0.01658917,0
0.01658669,0
0.01658433,0
0.0165924,0
0.0165924,0
0.01658641,0
0.01658641,0
0.01658486,0
0.01658865,0
0.01658865,0
0.01658799,0
0.01658799,0
0.01659041,0
0.01659041,0
0.01658752,0
0.01658752,0
0.06635148,0
0.06635148,0
0.03317347,0
0.03317347,0
0.01658728,0
0.01658728,0
0.01658682,0
0.01658682,0
0.01658875,0
0.01658574,0
0.01658574,0
0.01658926,0
0.01658708,0
0.01658708,0
0.01658877,0
0.01658818,0
0.01658743,0
0.01658813,0
0.01658642,0
0.01658642,0
0.01687317,0
0.01659341,0
0.01658931,0
0.01658604,0
0.01658604,0
0.0165851,0
0.0165851,0
0.01658047,0
0.01658047,0
0.01659076,0
0.01658617,0
0.01658617,0
0.01659185,0
0.01658702,0
0.01658261,0
0.01658261,0
0.01658754,0
0.01658979,0
0.01658979,0
0.01658057,0
0.01658057,0
0.04976434,0
0.03317424,0
0.01658657,0
0.0165891,0
0.01657776,0
0.01658864,0
0.01658801,0
0.01658645,0
0.01658669,0
0.01658669,0
0.01658721,0
0.01658748,0
0.01658748,0
0.01658627,0
0.01658637,0
0.01658326,0
0.01658812,0
0.01658713,0
0.01658713,0
0.01658441,0
0.0165867,0
0.01658822,0
0.01658903,0
0.01658903,0
0.01658927,0
0.01658728,0
0.01659208,0
0.01658553,0
0.01658553,0
0.01658506,0
0.01658506,0
0.03317587,0
0.03317587,0
0.01658852,0
0.01658855,0
0.01658594,0
0.01658257,0
0.01658257,0
0.0165809,0
0.01658323,0
0.01658065,0
0.01658249,0
0.01658354,0
0.01658113,0
0.0165794,0
0.01658506,0
0.01658668,0
0.01657983,0
0.04974112,0
0.04974112,0
0.04959031,0
0.04959031,0
0.03331845,0
0.03331845,0
0.01658177,0
0.0165793,0
0.0165793,0
0.01658257,0
0.01658257,0
0.01658141,0
0.01658102,0
0.01658102,0
0.01657812,0
0.01658185,0
0.01658197,0
0.01657882,0
0.01657882,0
0.01657998,0
0.01658087,0
0.01657761,0
0.01658069,0
0.01658069,0
0.03316425,0
0.03316425,0
0.04974264,0
0.04974264,0
0.03316231,0
0.01657961,0
0.01657961,0
0.01657989,0
0.01658121,0
0.01658121,0
0.01657911,0
0.01657911,0
0.01658436,0
0.01658436,0
0.01658303,0
0.01658303,0
0.01658102,0
0.01657944,0
0.01657825,0
0.01658382,0
0.08290306,0
0.08290306,0
0.08290306,1
0.08290306,1
0.04974023,1
0.04974413,1
0.04974413,1
0.03316317,1
0.04974603,1
0.03316106,1
0.03316106,1
0.01692461,1
0.03316054,1
0.03316054,1
0.04983137,1
0.01660119,1
0.01660119,1
0.01660067,1
0.01660067,1
0.0165979,1
0.01660626,1
0.01660626,1
0.03319325,1
0.01659778,1
0.01659959,1
0.01659862,1
0.01659984,1
0.01659846,1
0.01658811,1
0.01660769,1
0.016601,1
0.016601,1
0.01659982,1
0.01607145,1
0.01607145,1
0.04977595,1
0.01658479,1
0.01658796,1
0.01658688,1
0.01658596,1
0.01658596,1
0.01658584,1
0.016586,1
0.0497609,1
0.0497609,1
0.0497609,1
0.01658622,1
0.01658776,1
0.01658776,1
0.04975877,1
0.03316006,1
0.01659211,1
0.01658685,1
0.01658856,1
0.01658601,1
0.0165837,1
0.0165869,1
0.01658836,1
0.01658845,1
0.01658557,1
0.01658557,1
0.01658816,1
0.01658528,1
0.01658835,1
0.01658835,1
0.01658751,1
0.03320091,1
0.03320091,1
0.03317306,1
0.01658571,1
0.01694725,1
0.01694725,1
0.01604063,1
0.01658881,1
0.01658585,1
0.01658471,1
0.01657705,1
0.01657352,1
0.01657352,1
0.01657841,1
0.01657592,1
0.01657592,1
0.01657046,1
0.01656811,1
0.06629972,1
0.06629972,1
0.03314839,1
0.03314839,1
0.01640597,1
0.01657199,1
0.01657409,1
0.01657165,1
0.01657482,1
0.03314755,1
0.03314755,1
0.01657305,1
0.0165737,1
0.01657405,1
0.01657298,1
0.0165772,1
0.01657534,1
0.01657211,1
0.01657211,0
0.01657563,0
0.01661094,0
0.01661094,0
0.01658094,0
0.01657556,0

